{"v":"5.7.1","fr":25,"ip":0,"op":260,"w":256,"h":256,"nm":"website-animation","ddd":0,"assets":[{"id":"comp_0","layers":[{"ddd":0,"ind":1,"ty":4,"nm":"Calque 3 Silhouettes","sr":1,"ks":{"o":{"a":0,"k":100,"ix":11},"r":{"a":0,"k":0,"ix":10},"p":{"a":1,"k":[{"i":{"x":0.667,"y":1},"o":{"x":0.333,"y":0},"t":0,"s":[261,267.5,0],"to":[20,0,0],"ti":[15,0,0]},{"i":{"x":0.667,"y":1},"o":{"x":0.333,"y":0},"t":68,"s":[381,267.5,0],"to":[-15,0,0],"ti":[16.667,0,0]},{"i":{"x":0.667,"y":1},"o":{"x":0.333,"y":0},"t":175,"s":[171,267.5,0],"to":[-16.667,0,0],"ti":[-18.333,0,0]},{"t":239,"s":[281,267.5,0]}],"ix":2},"a":{"a":0,"k":[26.05,26.05,0],"ix":1},"s":{"a":1,"k":[{"i":{"x":[0.833,0.833,0.833],"y":[0.833,0.833,0.833]},"o":{"x":[0.167,0.167,0.167],"y":[0.167,0.167,0.167]},"t":6,"s":[0,0,100]},{"i":{"x":[0.833,0.833,0.833],"y":[0.833,0.833,0.833]},"o":{"x":[0.167,0.167,0.167],"y":[0.167,0.167,0.167]},"t":28,"s":[100,100,100]},{"i":{"x":[0.833,0.833,0.833],"y":[0.833,0.833,0.833]},"o":{"x":[0.167,0.167,0.167],"y":[0.167,0.167,0.167]},"t":239,"s":[100,100,100]},{"t":259,"s":[0,0,100]}],"ix":6,"x":"var $bm_rt;\nfunction doIt() {\n    var easingEquation, val1, val2, val3;\n    var ew_one = backOut;\n    var ew_two = backIn;\n    var n = 0;\n    if (numKeys > 0) {\n        n = nearestKey(time).index;\n        if (key(n).time > time) {\n            n--;\n        }\n        if (n < 2) {\n            easingEquation = ew_one;\n        } else if (n >= $bm_sub(numKeys, 1)) {\n            easingEquation = ew_two;\n        } else {\n            return null;\n        }\n    }\n    try {\n        var key1 = key(n);\n        var key2 = key($bm_sum(n, 1));\n    } catch (e) {\n        return null;\n    }\n    var dim = 1;\n    try {\n        key(1)[1].length;\n        dim = 2;\n        key(1)[2].length;\n        dim = 3;\n    } catch (e) {\n    }\n    var t = $bm_sub(time, key1.time);\n    var d = $bm_sub(key2.time, key1.time);\n    var sX = key1[0];\n    var eX = $bm_sub(key2[0], key1[0]);\n    if (dim >= 2) {\n        var sY = key1[1];\n        var eY = $bm_sub(key2[1], key1[1]);\n        if (dim >= 3) {\n            var sZ = key1[2];\n            var eZ = $bm_sub(key2[2], key1[2]);\n        }\n    }\n    if (time < key1.time || time > key2.time) {\n        return value;\n    } else {\n        val1 = easingEquation(t, sX, eX, d);\n        switch (dim) {\n        case 1:\n            return val1;\n            break;\n        case 2:\n            val2 = easingEquation(t, sY, eY, d);\n            return [\n                val1,\n                val2\n            ];\n            break;\n        case 3:\n            val2 = easingEquation(t, sY, eY, d);\n            val3 = easingEquation(t, sZ, eZ, d);\n            return [\n                val1,\n                val2,\n                val3\n            ];\n            break;\n        default:\n            return null;\n        }\n    }\n}\nvar IN_EXPO_CORRECTION = 0.000976563;\nvar OUT_EXPO_CORRECTION = 1.000976563;\nvar s = 1.70158;\nvar p = 0.81;\nvar a = 50;\nfunction bounceOut(t, b, c, d) {\n    if ((t /= d) < 1 / 2.75) {\n        return $bm_sum($bm_mul(c, $bm_mul($bm_mul(7.5625, t), t)), b);\n    } else if (t < 2 / 2.75) {\n        return $bm_sum($bm_mul(c, $bm_sum($bm_mul($bm_mul(7.5625, t -= 1.5 / 2.75), t), 0.75)), b);\n    } else if (t < 2.5 / 2.75) {\n        return $bm_sum($bm_mul(c, $bm_sum($bm_mul($bm_mul(7.5625, t -= 2.25 / 2.75), t), 0.9375)), b);\n    } else {\n        return $bm_sum($bm_mul(c, $bm_sum($bm_mul($bm_mul(7.5625, t -= 2.625 / 2.75), t), 0.984375)), b);\n    }\n}\nfunction bounceIn(t, b, c, d) {\n    return $bm_sum($bm_sub(c, bounceOut($bm_sub(d, t), 0, c, d)), b);\n}\nfunction bounceInOut(t, b, c, d) {\n    if (t < $bm_div(d, 2))\n        return $bm_sum($bm_mul(bounceIn($bm_mul(t, 2), 0, c, d), 0.5), b);\n    else\n        return bounceOut(t * 2 - d, 0, c, d) * 0.5 + c * 0.5 + b;\n}\nfunction backIn(t, b, c, d) {\n    return $bm_sum($bm_mul($bm_mul($bm_mul(c, t /= d), t), $bm_sub($bm_mul($bm_sum(s, 1), t), s)), b);\n}\nfunction backInOut(t, b, c, d) {\n    if ((t /= d / 2) < 1)\n        return $bm_sum($bm_mul($bm_div(c, 2), $bm_mul($bm_mul(t, t), $bm_sub($bm_mul($bm_sum(s *= 1.525, 1), t), s))), b);\n    return $bm_sum($bm_mul($bm_div(c, 2), $bm_sum($bm_mul($bm_mul(t -= 2, t), $bm_sum($bm_mul($bm_sum(s *= 1.525, 1), t), s)), 2)), b);\n}\nfunction backOut(t, b, c, d) {\n    return $bm_sum($bm_mul(c, $bm_sum($bm_mul($bm_mul(t = t / d - 1, t), $bm_sum($bm_mul($bm_sum(s, 1), t), s)), 1)), b);\n}\nfunction circIn(t, b, c, d) {\n    return $bm_sum($bm_mul($bm_neg(c), $bm_sub(Math.sqrt($bm_sub(1, $bm_mul(t /= d, t))), 1)), b);\n}\nfunction circInOut(t, b, c, d) {\n    if ((t /= d / 2) < 1)\n        return $bm_sum($bm_mul($bm_div($bm_neg(c), 2), $bm_sub(Math.sqrt($bm_sub(1, $bm_mul(t, t))), 1)), b);\n    return $bm_sum($bm_mul($bm_div(c, 2), $bm_sum(Math.sqrt($bm_sub(1, $bm_mul(t -= 2, t))), 1)), b);\n}\nfunction circOut(t, b, c, d) {\n    return $bm_sum($bm_mul(c, Math.sqrt($bm_sub(1, $bm_mul(t = t / d - 1, t)))), b);\n}\nfunction elasticIn(t, b, c, d) {\n    if (t == 0)\n        return b;\n    if ((t /= d) == 1)\n        return $bm_sum(b, c);\n    if (!p)\n        p = $bm_mul(d, 0.3);\n    if (!a || a < Math.abs(c)) {\n        a = c;\n        s = $bm_div(p, 4);\n    } else\n        s = $bm_mul($bm_div(p, $bm_mul(2, Math.PI)), Math.asin($bm_div(c, a)));\n    return $bm_sum($bm_neg($bm_mul($bm_mul(a, Math.pow(2, $bm_mul(10, t -= 1))), Math.sin($bm_div($bm_mul($bm_sub($bm_mul(t, d), s), $bm_mul(2, Math.PI)), p)))), b);\n}\nfunction elasticInOut(t, b, c, d) {\n    if (t == 0)\n        return b;\n    if ((t /= d / 2) == 2)\n        return $bm_sum(b, c);\n    if (!p)\n        p = $bm_mul(d, 0.3 * 1.5);\n    if (!a || a < Math.abs(c)) {\n        a = c;\n        s = $bm_div(p, 4);\n    } else\n        s = $bm_mul($bm_div(p, $bm_mul(2, Math.PI)), Math.asin($bm_div(c, a)));\n    if (t < 1)\n        return $bm_sum($bm_mul(-0.5, $bm_mul($bm_mul(a, Math.pow(2, $bm_mul(10, t -= 1))), Math.sin($bm_div($bm_mul($bm_sub($bm_mul(t, d), s), $bm_mul(2, Math.PI)), p)))), b);\n    return $bm_sum($bm_sum($bm_mul($bm_mul($bm_mul(a, Math.pow(2, $bm_mul(-10, t -= 1))), Math.sin($bm_div($bm_mul($bm_sub($bm_mul(t, d), s), $bm_mul(2, Math.PI)), p))), 0.5), c), b);\n}\nfunction elasticOut(t, b, c, d) {\n    if (t == 0)\n        return b;\n    if ((t /= d) == 1)\n        return $bm_sum(b, c);\n    if (!p)\n        p = $bm_mul(d, 0.3);\n    if (!a || a < Math.abs(c)) {\n        a = c;\n        s = $bm_div(p, 4);\n    } else\n        s = $bm_mul($bm_div(p, $bm_mul(2, Math.PI)), Math.asin($bm_div(c, a)));\n    return $bm_sum($bm_sum($bm_mul($bm_mul(a, Math.pow(2, $bm_mul(-10, t))), Math.sin($bm_div($bm_mul($bm_sub($bm_mul(t, d), s), $bm_mul(2, Math.PI)), p))), c), b);\n}\nfunction expoIn(t, b, c, d) {\n    return t == 0 ? b : c * (Math.pow(2, 10 * (t / d - 1)) - IN_EXPO_CORRECTION) + b;\n}\nfunction expoInOut(t, b, c, d) {\n    var v;\n    if ((t /= d / 2) < 1) {\n        v = $bm_sub(Math.pow(2, $bm_mul(10, $bm_sub(t, 1))), IN_EXPO_CORRECTION);\n    } else {\n        v = $bm_sum($bm_sum($bm_neg(Math.pow(2, $bm_mul(-10, $bm_sub(t, 1)))), 2), IN_EXPO_CORRECTION);\n    }\n    return $bm_sum(b, $bm_mul($bm_div(v, 2), c));\n}\nfunction expoOut(t, b, c, d) {\n    return t == d ? b + c : c * OUT_EXPO_CORRECTION * (-Math.pow(2, -10 * t / d) + 1) + b;\n}\nfunction quadIn(t, b, c, d) {\n    return $bm_sum($bm_mul($bm_mul(c, t /= d), t), b);\n}\nfunction quadInOut(t, b, c, d) {\n    if ((t /= d / 2) < 1)\n        return $bm_sum($bm_mul($bm_mul($bm_div(c, 2), t), t), b);\n    return $bm_sum($bm_mul($bm_div($bm_neg(c), 2), $bm_sub($bm_mul(--t, $bm_sub(t, 2)), 1)), b);\n}\nfunction quadOut(t, b, c, d) {\n    return $bm_sum($bm_mul($bm_mul($bm_neg(c), t /= d), $bm_sub(t, 2)), b);\n}\nfunction quartIn(t, b, c, d) {\n    return $bm_sum($bm_mul($bm_mul($bm_mul($bm_mul(c, t /= d), t), t), t), b);\n}\nfunction quartInOut(t, b, c, d) {\n    if ((t /= d / 2) < 1)\n        return $bm_sum($bm_mul($bm_mul($bm_mul($bm_mul($bm_div(c, 2), t), t), t), t), b);\n    return $bm_sum($bm_mul($bm_div($bm_neg(c), 2), $bm_sub($bm_mul($bm_mul($bm_mul(t -= 2, t), t), t), 2)), b);\n}\nfunction quartOut(t, b, c, d) {\n    return $bm_sum($bm_mul($bm_neg(c), $bm_sub($bm_mul($bm_mul($bm_mul(t = t / d - 1, t), t), t), 1)), b);\n}\nfunction quintIn(t, b, c, d) {\n    return $bm_sum($bm_mul($bm_mul($bm_mul($bm_mul($bm_mul(c, t /= d), t), t), t), t), b);\n}\nfunction quintInOut(t, b, c, d) {\n    if ((t /= d / 2) < 1)\n        return $bm_sum($bm_mul($bm_mul($bm_mul($bm_mul($bm_mul($bm_div(c, 2), t), t), t), t), t), b);\n    return $bm_sum($bm_mul($bm_div(c, 2), $bm_sum($bm_mul($bm_mul($bm_mul($bm_mul(t -= 2, t), t), t), t), 2)), b);\n}\nfunction quintOut(t, b, c, d) {\n    return $bm_sum($bm_mul(c, $bm_sum($bm_mul($bm_mul($bm_mul($bm_mul(t = t / d - 1, t), t), t), t), 1)), b);\n}\nfunction sineIn(t, b, c, d) {\n    return $bm_sum($bm_sum($bm_mul($bm_neg(c), Math.cos($bm_mul($bm_div(t, d), $bm_div(Math.PI, 2)))), c), b);\n}\nfunction sineInOut(t, b, c, d) {\n    return $bm_sum($bm_mul($bm_div($bm_neg(c), 2), $bm_sub(Math.cos($bm_div($bm_mul(Math.PI, t), d)), 1)), b);\n}\nfunction sineOut(t, b, c, d) {\n    return $bm_sum($bm_mul(c, Math.sin($bm_mul($bm_div(t, d), $bm_div(Math.PI, 2)))), b);\n}\n$bm_rt = doIt() || value;"}},"ao":0,"shapes":[{"ty":"gr","it":[{"ind":0,"ty":"sh","ix":1,"ks":{"a":0,"k":{"i":[[14.3,0],[0,-14.2],[-14.2,0],[0,14.2]],"o":[[-14.3,0],[0,14.2],[14.2,0],[0,-14.2]],"v":[[0,-25.8],[-25.8,0],[0,25.8],[25.8,0]],"c":true},"ix":2},"nm":"Tracé 1","mn":"ADBE Vector Shape - Group","hd":false},{"ind":1,"ty":"sh","ix":2,"ks":{"a":0,"k":{"i":[[-6.5,0],[0,-6.5],[6.5,0],[0,6.5]],"o":[[6.5,0],[0,6.5],[-6.5,0],[0,-6.5]],"v":[[0,-11.8],[11.8,0],[0,11.8],[-11.8,0]],"c":true},"ix":2},"nm":"Tracé 2","mn":"ADBE Vector Shape - Group","hd":false},{"ty":"mm","mm":1,"nm":"Fusionner les tracés 1","mn":"ADBE Vector Filter - Merge","hd":false},{"ty":"fl","c":{"a":0,"k":[0.8784313725490196,0.24313725490196078,0.24313725490196078,1],"ix":4},"o":{"a":0,"k":100,"ix":5},"r":1,"bm":0,"nm":"Fond 1","mn":"ADBE Vector Graphic - Fill","hd":false},{"ty":"tr","p":{"a":0,"k":[26.05,26.05],"ix":2},"a":{"a":0,"k":[0,0],"ix":1},"s":{"a":0,"k":[100,100],"ix":3},"r":{"a":0,"k":0,"ix":6},"o":{"a":0,"k":100,"ix":7},"sk":{"a":0,"k":0,"ix":4},"sa":{"a":0,"k":0,"ix":5},"nm":"Transformer "}],"nm":"Groupe 1","np":4,"cix":2,"bm":0,"ix":1,"mn":"ADBE Vector Group","hd":false},{"ty":"gr","it":[{"ind":0,"ty":"sh","ix":1,"ks":{"a":0,"k":{"i":[[10.4,0],[0,10.401],[-10.4,0],[0,-10.4]],"o":[[-10.4,0],[0,-10.4],[10.4,0],[0,10.401]],"v":[[0,18.8],[-18.8,0],[0,-18.8],[18.8,0]],"c":true},"ix":2},"nm":"Tracé 1","mn":"ADBE Vector Shape - Group","hd":false},{"ty":"fl","c":{"a":0,"k":[0.8784313725490196,0.24313725490196078,0.24313725490196078,1],"ix":4},"o":{"a":0,"k":100,"ix":5},"r":1,"bm":0,"nm":"Fond 1","mn":"ADBE Vector Graphic - Fill","hd":false},{"ty":"tr","p":{"a":0,"k":[26.05,26.05],"ix":2},"a":{"a":0,"k":[0,0],"ix":1},"s":{"a":0,"k":[100,100],"ix":3},"r":{"a":0,"k":0,"ix":6},"o":{"a":0,"k":100,"ix":7},"sk":{"a":0,"k":0,"ix":4},"sa":{"a":0,"k":0,"ix":5},"nm":"Transformer "}],"nm":"Groupe 2","np":2,"cix":2,"bm":0,"ix":2,"mn":"ADBE Vector Group","hd":false}],"ip":0,"op":260,"st":0,"bm":0},{"ddd":0,"ind":2,"ty":4,"nm":"Calque 9 Silhouettes 2","sr":1,"ks":{"o":{"a":0,"k":100,"ix":11},"r":{"a":0,"k":0,"ix":10},"p":{"a":0,"k":[269.35,166.9,0],"ix":2},"a":{"a":0,"k":[63.5,70.95,0],"ix":1},"s":{"a":1,"k":[{"i":{"x":[0.667,0.667,0.667],"y":[1,1,1]},"o":{"x":[0.167,0.167,0.167],"y":[0.167,0.167,-0.194]},"t":149,"s":[100,100,100]},{"i":{"x":[0.667,0.667,0.667],"y":[1,1,1]},"o":{"x":[0.167,0.167,0.167],"y":[0.167,0.167,0.194]},"t":159,"s":[85,85,100]},{"i":{"x":[0.667,0.667,0.667],"y":[1,1,1]},"o":{"x":[0.167,0.167,0.167],"y":[0,0,0]},"t":165,"s":[100,100,100]},{"i":{"x":[0.667,0.667,0.667],"y":[1,1,1]},"o":{"x":[0.167,0.167,0.167],"y":[0.167,0.167,-16.667]},"t":245,"s":[100,100,100]},{"t":252,"s":[0,0,100]}],"ix":6}},"ao":0,"shapes":[{"ty":"gr","it":[{"ind":0,"ty":"sh","ix":1,"ks":{"a":0,"k":{"i":[[0,0],[-0.4,0.3],[-0.6,0],[-0.4,-0.2],[0,0],[0,-0.6],[1,-0.7],[0,0],[0.5,0.3],[0,1.3]],"o":[[0,-1.3],[0.3,-0.2],[0.4,0],[0,0],[1.1,0.6],[0,0.6],[0,0],[-1.1,0.6],[-0.5,-0.3],[0,0]],"v":[[-48.25,-52.4],[-47.05,-54.6],[-45.75,-54.9],[-44.55,-54.6],[46.95,-1.8],[48.15,0.4],[46.95,2.6],[-44.55,55.4],[-47.05,55.4],[-48.25,53.2]],"c":true},"ix":2},"nm":"Tracé 1","mn":"ADBE Vector Shape - Group","hd":false},{"ind":1,"ty":"sh","ix":2,"ks":{"a":0,"k":{"i":[[-5.5,-3.1],[-3.1,0],[-2.7,1.6],[0,0],[0,6.3],[5.4,3.1],[0,0],[5.5,-3.2],[0,-6.3],[0,0]],"o":[[2.7,1.6],[3,0],[0,0],[5.5,-3.2],[0,-6.3],[0,0],[-5.5,-3.2],[-5.5,3.2],[0,0],[-0.1,6.3]],"v":[[-54.45,68.3],[-45.65,70.7],[-36.95,68.3],[54.55,15.5],[63.25,0.4],[54.55,-14.7],[-36.95,-67.5],[-54.45,-67.5],[-63.15,-52.4],[-63.15,53.2]],"c":true},"ix":2},"nm":"Tracé 2","mn":"ADBE Vector Shape - Group","hd":false},{"ty":"mm","mm":1,"nm":"Fusionner les tracés 1","mn":"ADBE Vector Filter - Merge","hd":false},{"ty":"fl","c":{"a":0,"k":[0.8784313725490196,0.24313725490196078,0.24313725490196078,1],"ix":4},"o":{"a":0,"k":100,"ix":5},"r":1,"bm":0,"nm":"Fond 1","mn":"ADBE Vector Graphic - Fill","hd":false},{"ty":"tr","p":{"a":0,"k":[63.5,70.95],"ix":2},"a":{"a":0,"k":[0,0],"ix":1},"s":{"a":0,"k":[100,100],"ix":3},"r":{"a":0,"k":0,"ix":6},"o":{"a":0,"k":100,"ix":7},"sk":{"a":0,"k":0,"ix":4},"sa":{"a":0,"k":0,"ix":5},"nm":"Transformer "}],"nm":"Groupe 1","np":4,"cix":2,"bm":0,"ix":1,"mn":"ADBE Vector Group","hd":false}],"ip":141,"op":260,"st":0,"bm":0},{"ddd":0,"ind":3,"ty":4,"nm":"Calque 9 Silhouettes","sr":1,"ks":{"o":{"a":0,"k":100,"ix":11},"r":{"a":0,"k":0,"ix":10},"p":{"a":0,"k":[269.35,166.9,0],"ix":2},"a":{"a":0,"k":[63.5,70.95,0],"ix":1},"s":{"a":1,"k":[{"i":{"x":[0.833,0.833,0.833],"y":[0.833,0.833,0.833]},"o":{"x":[0.167,0.167,0.167],"y":[0.167,0.167,0.167]},"t":25,"s":[0,0,100]},{"t":50,"s":[100,100,100]}],"ix":6,"x":"var $bm_rt;\nfunction doIt() {\n    var easingEquation, val1, val2, val3;\n    var ew_one = backOut;\n    var ew_two = backIn;\n    var n = 0;\n    if (numKeys > 0) {\n        n = nearestKey(time).index;\n        if (key(n).time > time) {\n            n--;\n        }\n        if (n < 2) {\n            easingEquation = ew_one;\n        } else if (n >= $bm_sub(numKeys, 1)) {\n            easingEquation = ew_two;\n        } else {\n            return null;\n        }\n    }\n    try {\n        var key1 = key(n);\n        var key2 = key($bm_sum(n, 1));\n    } catch (e) {\n        return null;\n    }\n    var dim = 1;\n    try {\n        key(1)[1].length;\n        dim = 2;\n        key(1)[2].length;\n        dim = 3;\n    } catch (e) {\n    }\n    var t = $bm_sub(time, key1.time);\n    var d = $bm_sub(key2.time, key1.time);\n    var sX = key1[0];\n    var eX = $bm_sub(key2[0], key1[0]);\n    if (dim >= 2) {\n        var sY = key1[1];\n        var eY = $bm_sub(key2[1], key1[1]);\n        if (dim >= 3) {\n            var sZ = key1[2];\n            var eZ = $bm_sub(key2[2], key1[2]);\n        }\n    }\n    if (time < key1.time || time > key2.time) {\n        return value;\n    } else {\n        val1 = easingEquation(t, sX, eX, d);\n        switch (dim) {\n        case 1:\n            return val1;\n            break;\n        case 2:\n            val2 = easingEquation(t, sY, eY, d);\n            return [\n                val1,\n                val2\n            ];\n            break;\n        case 3:\n            val2 = easingEquation(t, sY, eY, d);\n            val3 = easingEquation(t, sZ, eZ, d);\n            return [\n                val1,\n                val2,\n                val3\n            ];\n            break;\n        default:\n            return null;\n        }\n    }\n}\nvar IN_EXPO_CORRECTION = 0.000976563;\nvar OUT_EXPO_CORRECTION = 1.000976563;\nvar s = 1.70158;\nvar p = 0.81;\nvar a = 50;\nfunction bounceOut(t, b, c, d) {\n    if ((t /= d) < 1 / 2.75) {\n        return $bm_sum($bm_mul(c, $bm_mul($bm_mul(7.5625, t), t)), b);\n    } else if (t < 2 / 2.75) {\n        return $bm_sum($bm_mul(c, $bm_sum($bm_mul($bm_mul(7.5625, t -= 1.5 / 2.75), t), 0.75)), b);\n    } else if (t < 2.5 / 2.75) {\n        return $bm_sum($bm_mul(c, $bm_sum($bm_mul($bm_mul(7.5625, t -= 2.25 / 2.75), t), 0.9375)), b);\n    } else {\n        return $bm_sum($bm_mul(c, $bm_sum($bm_mul($bm_mul(7.5625, t -= 2.625 / 2.75), t), 0.984375)), b);\n    }\n}\nfunction bounceIn(t, b, c, d) {\n    return $bm_sum($bm_sub(c, bounceOut($bm_sub(d, t), 0, c, d)), b);\n}\nfunction bounceInOut(t, b, c, d) {\n    if (t < $bm_div(d, 2))\n        return $bm_sum($bm_mul(bounceIn($bm_mul(t, 2), 0, c, d), 0.5), b);\n    else\n        return bounceOut(t * 2 - d, 0, c, d) * 0.5 + c * 0.5 + b;\n}\nfunction backIn(t, b, c, d) {\n    return $bm_sum($bm_mul($bm_mul($bm_mul(c, t /= d), t), $bm_sub($bm_mul($bm_sum(s, 1), t), s)), b);\n}\nfunction backInOut(t, b, c, d) {\n    if ((t /= d / 2) < 1)\n        return $bm_sum($bm_mul($bm_div(c, 2), $bm_mul($bm_mul(t, t), $bm_sub($bm_mul($bm_sum(s *= 1.525, 1), t), s))), b);\n    return $bm_sum($bm_mul($bm_div(c, 2), $bm_sum($bm_mul($bm_mul(t -= 2, t), $bm_sum($bm_mul($bm_sum(s *= 1.525, 1), t), s)), 2)), b);\n}\nfunction backOut(t, b, c, d) {\n    return $bm_sum($bm_mul(c, $bm_sum($bm_mul($bm_mul(t = t / d - 1, t), $bm_sum($bm_mul($bm_sum(s, 1), t), s)), 1)), b);\n}\nfunction circIn(t, b, c, d) {\n    return $bm_sum($bm_mul($bm_neg(c), $bm_sub(Math.sqrt($bm_sub(1, $bm_mul(t /= d, t))), 1)), b);\n}\nfunction circInOut(t, b, c, d) {\n    if ((t /= d / 2) < 1)\n        return $bm_sum($bm_mul($bm_div($bm_neg(c), 2), $bm_sub(Math.sqrt($bm_sub(1, $bm_mul(t, t))), 1)), b);\n    return $bm_sum($bm_mul($bm_div(c, 2), $bm_sum(Math.sqrt($bm_sub(1, $bm_mul(t -= 2, t))), 1)), b);\n}\nfunction circOut(t, b, c, d) {\n    return $bm_sum($bm_mul(c, Math.sqrt($bm_sub(1, $bm_mul(t = t / d - 1, t)))), b);\n}\nfunction elasticIn(t, b, c, d) {\n    if (t == 0)\n        return b;\n    if ((t /= d) == 1)\n        return $bm_sum(b, c);\n    if (!p)\n        p = $bm_mul(d, 0.3);\n    if (!a || a < Math.abs(c)) {\n        a = c;\n        s = $bm_div(p, 4);\n    } else\n        s = $bm_mul($bm_div(p, $bm_mul(2, Math.PI)), Math.asin($bm_div(c, a)));\n    return $bm_sum($bm_neg($bm_mul($bm_mul(a, Math.pow(2, $bm_mul(10, t -= 1))), Math.sin($bm_div($bm_mul($bm_sub($bm_mul(t, d), s), $bm_mul(2, Math.PI)), p)))), b);\n}\nfunction elasticInOut(t, b, c, d) {\n    if (t == 0)\n        return b;\n    if ((t /= d / 2) == 2)\n        return $bm_sum(b, c);\n    if (!p)\n        p = $bm_mul(d, 0.3 * 1.5);\n    if (!a || a < Math.abs(c)) {\n        a = c;\n        s = $bm_div(p, 4);\n    } else\n        s = $bm_mul($bm_div(p, $bm_mul(2, Math.PI)), Math.asin($bm_div(c, a)));\n    if (t < 1)\n        return $bm_sum($bm_mul(-0.5, $bm_mul($bm_mul(a, Math.pow(2, $bm_mul(10, t -= 1))), Math.sin($bm_div($bm_mul($bm_sub($bm_mul(t, d), s), $bm_mul(2, Math.PI)), p)))), b);\n    return $bm_sum($bm_sum($bm_mul($bm_mul($bm_mul(a, Math.pow(2, $bm_mul(-10, t -= 1))), Math.sin($bm_div($bm_mul($bm_sub($bm_mul(t, d), s), $bm_mul(2, Math.PI)), p))), 0.5), c), b);\n}\nfunction elasticOut(t, b, c, d) {\n    if (t == 0)\n        return b;\n    if ((t /= d) == 1)\n        return $bm_sum(b, c);\n    if (!p)\n        p = $bm_mul(d, 0.3);\n    if (!a || a < Math.abs(c)) {\n        a = c;\n        s = $bm_div(p, 4);\n    } else\n        s = $bm_mul($bm_div(p, $bm_mul(2, Math.PI)), Math.asin($bm_div(c, a)));\n    return $bm_sum($bm_sum($bm_mul($bm_mul(a, Math.pow(2, $bm_mul(-10, t))), Math.sin($bm_div($bm_mul($bm_sub($bm_mul(t, d), s), $bm_mul(2, Math.PI)), p))), c), b);\n}\nfunction expoIn(t, b, c, d) {\n    return t == 0 ? b : c * (Math.pow(2, 10 * (t / d - 1)) - IN_EXPO_CORRECTION) + b;\n}\nfunction expoInOut(t, b, c, d) {\n    var v;\n    if ((t /= d / 2) < 1) {\n        v = $bm_sub(Math.pow(2, $bm_mul(10, $bm_sub(t, 1))), IN_EXPO_CORRECTION);\n    } else {\n        v = $bm_sum($bm_sum($bm_neg(Math.pow(2, $bm_mul(-10, $bm_sub(t, 1)))), 2), IN_EXPO_CORRECTION);\n    }\n    return $bm_sum(b, $bm_mul($bm_div(v, 2), c));\n}\nfunction expoOut(t, b, c, d) {\n    return t == d ? b + c : c * OUT_EXPO_CORRECTION * (-Math.pow(2, -10 * t / d) + 1) + b;\n}\nfunction quadIn(t, b, c, d) {\n    return $bm_sum($bm_mul($bm_mul(c, t /= d), t), b);\n}\nfunction quadInOut(t, b, c, d) {\n    if ((t /= d / 2) < 1)\n        return $bm_sum($bm_mul($bm_mul($bm_div(c, 2), t), t), b);\n    return $bm_sum($bm_mul($bm_div($bm_neg(c), 2), $bm_sub($bm_mul(--t, $bm_sub(t, 2)), 1)), b);\n}\nfunction quadOut(t, b, c, d) {\n    return $bm_sum($bm_mul($bm_mul($bm_neg(c), t /= d), $bm_sub(t, 2)), b);\n}\nfunction quartIn(t, b, c, d) {\n    return $bm_sum($bm_mul($bm_mul($bm_mul($bm_mul(c, t /= d), t), t), t), b);\n}\nfunction quartInOut(t, b, c, d) {\n    if ((t /= d / 2) < 1)\n        return $bm_sum($bm_mul($bm_mul($bm_mul($bm_mul($bm_div(c, 2), t), t), t), t), b);\n    return $bm_sum($bm_mul($bm_div($bm_neg(c), 2), $bm_sub($bm_mul($bm_mul($bm_mul(t -= 2, t), t), t), 2)), b);\n}\nfunction quartOut(t, b, c, d) {\n    return $bm_sum($bm_mul($bm_neg(c), $bm_sub($bm_mul($bm_mul($bm_mul(t = t / d - 1, t), t), t), 1)), b);\n}\nfunction quintIn(t, b, c, d) {\n    return $bm_sum($bm_mul($bm_mul($bm_mul($bm_mul($bm_mul(c, t /= d), t), t), t), t), b);\n}\nfunction quintInOut(t, b, c, d) {\n    if ((t /= d / 2) < 1)\n        return $bm_sum($bm_mul($bm_mul($bm_mul($bm_mul($bm_mul($bm_div(c, 2), t), t), t), t), t), b);\n    return $bm_sum($bm_mul($bm_div(c, 2), $bm_sum($bm_mul($bm_mul($bm_mul($bm_mul(t -= 2, t), t), t), t), 2)), b);\n}\nfunction quintOut(t, b, c, d) {\n    return $bm_sum($bm_mul(c, $bm_sum($bm_mul($bm_mul($bm_mul($bm_mul(t = t / d - 1, t), t), t), t), 1)), b);\n}\nfunction sineIn(t, b, c, d) {\n    return $bm_sum($bm_sum($bm_mul($bm_neg(c), Math.cos($bm_mul($bm_div(t, d), $bm_div(Math.PI, 2)))), c), b);\n}\nfunction sineInOut(t, b, c, d) {\n    return $bm_sum($bm_mul($bm_div($bm_neg(c), 2), $bm_sub(Math.cos($bm_div($bm_mul(Math.PI, t), d)), 1)), b);\n}\nfunction sineOut(t, b, c, d) {\n    return $bm_sum($bm_mul(c, Math.sin($bm_mul($bm_div(t, d), $bm_div(Math.PI, 2)))), b);\n}\n$bm_rt = doIt() || value;"}},"ao":0,"shapes":[{"ty":"gr","it":[{"ind":0,"ty":"sh","ix":1,"ks":{"a":0,"k":{"i":[[0,0],[-0.4,0.3],[-0.6,0],[-0.4,-0.2],[0,0],[0,-0.6],[1,-0.7],[0,0],[0.5,0.3],[0,1.3]],"o":[[0,-1.3],[0.3,-0.2],[0.4,0],[0,0],[1.1,0.6],[0,0.6],[0,0],[-1.1,0.6],[-0.5,-0.3],[0,0]],"v":[[-48.25,-52.4],[-47.05,-54.6],[-45.75,-54.9],[-44.55,-54.6],[46.95,-1.8],[48.15,0.4],[46.95,2.6],[-44.55,55.4],[-47.05,55.4],[-48.25,53.2]],"c":true},"ix":2},"nm":"Tracé 1","mn":"ADBE Vector Shape - Group","hd":false},{"ind":1,"ty":"sh","ix":2,"ks":{"a":0,"k":{"i":[[-5.5,-3.1],[-3.1,0],[-2.7,1.6],[0,0],[0,6.3],[5.4,3.1],[0,0],[5.5,-3.2],[0,-6.3],[0,0]],"o":[[2.7,1.6],[3,0],[0,0],[5.5,-3.2],[0,-6.3],[0,0],[-5.5,-3.2],[-5.5,3.2],[0,0],[-0.1,6.3]],"v":[[-54.45,68.3],[-45.65,70.7],[-36.95,68.3],[54.55,15.5],[63.25,0.4],[54.55,-14.7],[-36.95,-67.5],[-54.45,-67.5],[-63.15,-52.4],[-63.15,53.2]],"c":true},"ix":2},"nm":"Tracé 2","mn":"ADBE Vector Shape - Group","hd":false},{"ty":"mm","mm":1,"nm":"Fusionner les tracés 1","mn":"ADBE Vector Filter - Merge","hd":false},{"ty":"fl","c":{"a":0,"k":[0.8784313725490196,0.24313725490196078,0.24313725490196078,1],"ix":4},"o":{"a":0,"k":100,"ix":5},"r":1,"bm":0,"nm":"Fond 1","mn":"ADBE Vector Graphic - Fill","hd":false},{"ty":"tr","p":{"a":0,"k":[63.5,70.95],"ix":2},"a":{"a":0,"k":[0,0],"ix":1},"s":{"a":0,"k":[100,100],"ix":3},"r":{"a":0,"k":0,"ix":6},"o":{"a":0,"k":100,"ix":7},"sk":{"a":0,"k":0,"ix":4},"sa":{"a":0,"k":0,"ix":5},"nm":"Transformer "}],"nm":"Groupe 1","np":4,"cix":2,"bm":0,"ix":1,"mn":"ADBE Vector Group","hd":false}],"ip":0,"op":142,"st":0,"bm":0},{"ddd":0,"ind":4,"ty":4,"nm":"Calque 6 Silhouettes","sr":1,"ks":{"o":{"a":0,"k":100,"ix":11},"r":{"a":0,"k":0,"ix":10},"p":{"a":1,"k":[{"i":{"x":0.667,"y":1},"o":{"x":0.333,"y":0},"t":0,"s":[133.6,304.5,0],"to":[5,0,0],"ti":[5,0,0]},{"i":{"x":0.667,"y":1},"o":{"x":0.333,"y":0},"t":59,"s":[163.6,304.5,0],"to":[-5,0,0],"ti":[-16.667,0,0]},{"i":{"x":0.667,"y":1},"o":{"x":0.333,"y":0},"t":81,"s":[103.6,304.5,0],"to":[16.667,0,0],"ti":[1.667,0,0]},{"i":{"x":0.667,"y":1},"o":{"x":0.333,"y":0},"t":127,"s":[263.6,304.5,0],"to":[-1.667,0,0],"ti":[28.333,0,0]},{"i":{"x":0.667,"y":0.667},"o":{"x":0.333,"y":0.333},"t":155,"s":[93.6,304.5,0],"to":[0,0,0],"ti":[0,0,0]},{"i":{"x":0.667,"y":1},"o":{"x":0.333,"y":0},"t":198,"s":[93.6,304.5,0],"to":[21.667,0,0],"ti":[-21.667,0,0]},{"t":241,"s":[223.6,304.5,0]}],"ix":2},"a":{"a":0,"k":[26.05,26.05,0],"ix":1},"s":{"a":1,"k":[{"i":{"x":[0.833,0.833,0.833],"y":[0.833,0.833,0.833]},"o":{"x":[0.167,0.167,0.167],"y":[0.167,0.167,0.167]},"t":5,"s":[0,0,100]},{"i":{"x":[0.833,0.833,0.833],"y":[0.833,0.833,0.833]},"o":{"x":[0.167,0.167,0.167],"y":[0.167,0.167,0.167]},"t":27,"s":[100,100,100]},{"i":{"x":[0.833,0.833,0.833],"y":[0.833,0.833,0.833]},"o":{"x":[0.167,0.167,0.167],"y":[0.167,0.167,0.167]},"t":238,"s":[100,100,100]},{"t":258,"s":[0,0,100]}],"ix":6,"x":"var $bm_rt;\nfunction doIt() {\n    var easingEquation, val1, val2, val3;\n    var ew_one = backOut;\n    var ew_two = backIn;\n    var n = 0;\n    if (numKeys > 0) {\n        n = nearestKey(time).index;\n        if (key(n).time > time) {\n            n--;\n        }\n        if (n < 2) {\n            easingEquation = ew_one;\n        } else if (n >= $bm_sub(numKeys, 1)) {\n            easingEquation = ew_two;\n        } else {\n            return null;\n        }\n    }\n    try {\n        var key1 = key(n);\n        var key2 = key($bm_sum(n, 1));\n    } catch (e) {\n        return null;\n    }\n    var dim = 1;\n    try {\n        key(1)[1].length;\n        dim = 2;\n        key(1)[2].length;\n        dim = 3;\n    } catch (e) {\n    }\n    var t = $bm_sub(time, key1.time);\n    var d = $bm_sub(key2.time, key1.time);\n    var sX = key1[0];\n    var eX = $bm_sub(key2[0], key1[0]);\n    if (dim >= 2) {\n        var sY = key1[1];\n        var eY = $bm_sub(key2[1], key1[1]);\n        if (dim >= 3) {\n            var sZ = key1[2];\n            var eZ = $bm_sub(key2[2], key1[2]);\n        }\n    }\n    if (time < key1.time || time > key2.time) {\n        return value;\n    } else {\n        val1 = easingEquation(t, sX, eX, d);\n        switch (dim) {\n        case 1:\n            return val1;\n            break;\n        case 2:\n            val2 = easingEquation(t, sY, eY, d);\n            return [\n                val1,\n                val2\n            ];\n            break;\n        case 3:\n            val2 = easingEquation(t, sY, eY, d);\n            val3 = easingEquation(t, sZ, eZ, d);\n            return [\n                val1,\n                val2,\n                val3\n            ];\n            break;\n        default:\n            return null;\n        }\n    }\n}\nvar IN_EXPO_CORRECTION = 0.000976563;\nvar OUT_EXPO_CORRECTION = 1.000976563;\nvar s = 1.70158;\nvar p = 0.81;\nvar a = 50;\nfunction bounceOut(t, b, c, d) {\n    if ((t /= d) < 1 / 2.75) {\n        return $bm_sum($bm_mul(c, $bm_mul($bm_mul(7.5625, t), t)), b);\n    } else if (t < 2 / 2.75) {\n        return $bm_sum($bm_mul(c, $bm_sum($bm_mul($bm_mul(7.5625, t -= 1.5 / 2.75), t), 0.75)), b);\n    } else if (t < 2.5 / 2.75) {\n        return $bm_sum($bm_mul(c, $bm_sum($bm_mul($bm_mul(7.5625, t -= 2.25 / 2.75), t), 0.9375)), b);\n    } else {\n        return $bm_sum($bm_mul(c, $bm_sum($bm_mul($bm_mul(7.5625, t -= 2.625 / 2.75), t), 0.984375)), b);\n    }\n}\nfunction bounceIn(t, b, c, d) {\n    return $bm_sum($bm_sub(c, bounceOut($bm_sub(d, t), 0, c, d)), b);\n}\nfunction bounceInOut(t, b, c, d) {\n    if (t < $bm_div(d, 2))\n        return $bm_sum($bm_mul(bounceIn($bm_mul(t, 2), 0, c, d), 0.5), b);\n    else\n        return bounceOut(t * 2 - d, 0, c, d) * 0.5 + c * 0.5 + b;\n}\nfunction backIn(t, b, c, d) {\n    return $bm_sum($bm_mul($bm_mul($bm_mul(c, t /= d), t), $bm_sub($bm_mul($bm_sum(s, 1), t), s)), b);\n}\nfunction backInOut(t, b, c, d) {\n    if ((t /= d / 2) < 1)\n        return $bm_sum($bm_mul($bm_div(c, 2), $bm_mul($bm_mul(t, t), $bm_sub($bm_mul($bm_sum(s *= 1.525, 1), t), s))), b);\n    return $bm_sum($bm_mul($bm_div(c, 2), $bm_sum($bm_mul($bm_mul(t -= 2, t), $bm_sum($bm_mul($bm_sum(s *= 1.525, 1), t), s)), 2)), b);\n}\nfunction backOut(t, b, c, d) {\n    return $bm_sum($bm_mul(c, $bm_sum($bm_mul($bm_mul(t = t / d - 1, t), $bm_sum($bm_mul($bm_sum(s, 1), t), s)), 1)), b);\n}\nfunction circIn(t, b, c, d) {\n    return $bm_sum($bm_mul($bm_neg(c), $bm_sub(Math.sqrt($bm_sub(1, $bm_mul(t /= d, t))), 1)), b);\n}\nfunction circInOut(t, b, c, d) {\n    if ((t /= d / 2) < 1)\n        return $bm_sum($bm_mul($bm_div($bm_neg(c), 2), $bm_sub(Math.sqrt($bm_sub(1, $bm_mul(t, t))), 1)), b);\n    return $bm_sum($bm_mul($bm_div(c, 2), $bm_sum(Math.sqrt($bm_sub(1, $bm_mul(t -= 2, t))), 1)), b);\n}\nfunction circOut(t, b, c, d) {\n    return $bm_sum($bm_mul(c, Math.sqrt($bm_sub(1, $bm_mul(t = t / d - 1, t)))), b);\n}\nfunction elasticIn(t, b, c, d) {\n    if (t == 0)\n        return b;\n    if ((t /= d) == 1)\n        return $bm_sum(b, c);\n    if (!p)\n        p = $bm_mul(d, 0.3);\n    if (!a || a < Math.abs(c)) {\n        a = c;\n        s = $bm_div(p, 4);\n    } else\n        s = $bm_mul($bm_div(p, $bm_mul(2, Math.PI)), Math.asin($bm_div(c, a)));\n    return $bm_sum($bm_neg($bm_mul($bm_mul(a, Math.pow(2, $bm_mul(10, t -= 1))), Math.sin($bm_div($bm_mul($bm_sub($bm_mul(t, d), s), $bm_mul(2, Math.PI)), p)))), b);\n}\nfunction elasticInOut(t, b, c, d) {\n    if (t == 0)\n        return b;\n    if ((t /= d / 2) == 2)\n        return $bm_sum(b, c);\n    if (!p)\n        p = $bm_mul(d, 0.3 * 1.5);\n    if (!a || a < Math.abs(c)) {\n        a = c;\n        s = $bm_div(p, 4);\n    } else\n        s = $bm_mul($bm_div(p, $bm_mul(2, Math.PI)), Math.asin($bm_div(c, a)));\n    if (t < 1)\n        return $bm_sum($bm_mul(-0.5, $bm_mul($bm_mul(a, Math.pow(2, $bm_mul(10, t -= 1))), Math.sin($bm_div($bm_mul($bm_sub($bm_mul(t, d), s), $bm_mul(2, Math.PI)), p)))), b);\n    return $bm_sum($bm_sum($bm_mul($bm_mul($bm_mul(a, Math.pow(2, $bm_mul(-10, t -= 1))), Math.sin($bm_div($bm_mul($bm_sub($bm_mul(t, d), s), $bm_mul(2, Math.PI)), p))), 0.5), c), b);\n}\nfunction elasticOut(t, b, c, d) {\n    if (t == 0)\n        return b;\n    if ((t /= d) == 1)\n        return $bm_sum(b, c);\n    if (!p)\n        p = $bm_mul(d, 0.3);\n    if (!a || a < Math.abs(c)) {\n        a = c;\n        s = $bm_div(p, 4);\n    } else\n        s = $bm_mul($bm_div(p, $bm_mul(2, Math.PI)), Math.asin($bm_div(c, a)));\n    return $bm_sum($bm_sum($bm_mul($bm_mul(a, Math.pow(2, $bm_mul(-10, t))), Math.sin($bm_div($bm_mul($bm_sub($bm_mul(t, d), s), $bm_mul(2, Math.PI)), p))), c), b);\n}\nfunction expoIn(t, b, c, d) {\n    return t == 0 ? b : c * (Math.pow(2, 10 * (t / d - 1)) - IN_EXPO_CORRECTION) + b;\n}\nfunction expoInOut(t, b, c, d) {\n    var v;\n    if ((t /= d / 2) < 1) {\n        v = $bm_sub(Math.pow(2, $bm_mul(10, $bm_sub(t, 1))), IN_EXPO_CORRECTION);\n    } else {\n        v = $bm_sum($bm_sum($bm_neg(Math.pow(2, $bm_mul(-10, $bm_sub(t, 1)))), 2), IN_EXPO_CORRECTION);\n    }\n    return $bm_sum(b, $bm_mul($bm_div(v, 2), c));\n}\nfunction expoOut(t, b, c, d) {\n    return t == d ? b + c : c * OUT_EXPO_CORRECTION * (-Math.pow(2, -10 * t / d) + 1) + b;\n}\nfunction quadIn(t, b, c, d) {\n    return $bm_sum($bm_mul($bm_mul(c, t /= d), t), b);\n}\nfunction quadInOut(t, b, c, d) {\n    if ((t /= d / 2) < 1)\n        return $bm_sum($bm_mul($bm_mul($bm_div(c, 2), t), t), b);\n    return $bm_sum($bm_mul($bm_div($bm_neg(c), 2), $bm_sub($bm_mul(--t, $bm_sub(t, 2)), 1)), b);\n}\nfunction quadOut(t, b, c, d) {\n    return $bm_sum($bm_mul($bm_mul($bm_neg(c), t /= d), $bm_sub(t, 2)), b);\n}\nfunction quartIn(t, b, c, d) {\n    return $bm_sum($bm_mul($bm_mul($bm_mul($bm_mul(c, t /= d), t), t), t), b);\n}\nfunction quartInOut(t, b, c, d) {\n    if ((t /= d / 2) < 1)\n        return $bm_sum($bm_mul($bm_mul($bm_mul($bm_mul($bm_div(c, 2), t), t), t), t), b);\n    return $bm_sum($bm_mul($bm_div($bm_neg(c), 2), $bm_sub($bm_mul($bm_mul($bm_mul(t -= 2, t), t), t), 2)), b);\n}\nfunction quartOut(t, b, c, d) {\n    return $bm_sum($bm_mul($bm_neg(c), $bm_sub($bm_mul($bm_mul($bm_mul(t = t / d - 1, t), t), t), 1)), b);\n}\nfunction quintIn(t, b, c, d) {\n    return $bm_sum($bm_mul($bm_mul($bm_mul($bm_mul($bm_mul(c, t /= d), t), t), t), t), b);\n}\nfunction quintInOut(t, b, c, d) {\n    if ((t /= d / 2) < 1)\n        return $bm_sum($bm_mul($bm_mul($bm_mul($bm_mul($bm_mul($bm_div(c, 2), t), t), t), t), t), b);\n    return $bm_sum($bm_mul($bm_div(c, 2), $bm_sum($bm_mul($bm_mul($bm_mul($bm_mul(t -= 2, t), t), t), t), 2)), b);\n}\nfunction quintOut(t, b, c, d) {\n    return $bm_sum($bm_mul(c, $bm_sum($bm_mul($bm_mul($bm_mul($bm_mul(t = t / d - 1, t), t), t), t), 1)), b);\n}\nfunction sineIn(t, b, c, d) {\n    return $bm_sum($bm_sum($bm_mul($bm_neg(c), Math.cos($bm_mul($bm_div(t, d), $bm_div(Math.PI, 2)))), c), b);\n}\nfunction sineInOut(t, b, c, d) {\n    return $bm_sum($bm_mul($bm_div($bm_neg(c), 2), $bm_sub(Math.cos($bm_div($bm_mul(Math.PI, t), d)), 1)), b);\n}\nfunction sineOut(t, b, c, d) {\n    return $bm_sum($bm_mul(c, Math.sin($bm_mul($bm_div(t, d), $bm_div(Math.PI, 2)))), b);\n}\n$bm_rt = doIt() || value;"}},"ao":0,"shapes":[{"ty":"gr","it":[{"ind":0,"ty":"sh","ix":1,"ks":{"a":0,"k":{"i":[[14.2,0],[0,-14.2],[-14.2,0],[0,14.2]],"o":[[-14.3,0],[0,14.2],[14.2,0],[0,-14.2]],"v":[[0,-25.8],[-25.8,0],[0,25.8],[25.8,0]],"c":true},"ix":2},"nm":"Tracé 1","mn":"ADBE Vector Shape - Group","hd":false},{"ind":1,"ty":"sh","ix":2,"ks":{"a":0,"k":{"i":[[-6.5,0],[0,-6.5],[6.5,0],[0,6.5]],"o":[[6.5,0],[0,6.5],[-6.5,0],[0,-6.5]],"v":[[0,-11.8],[11.8,0],[0,11.8],[-11.8,0]],"c":true},"ix":2},"nm":"Tracé 2","mn":"ADBE Vector Shape - Group","hd":false},{"ty":"mm","mm":1,"nm":"Fusionner les tracés 1","mn":"ADBE Vector Filter - Merge","hd":false},{"ty":"fl","c":{"a":0,"k":[0.8784313725490196,0.24313725490196078,0.24313725490196078,1],"ix":4},"o":{"a":0,"k":100,"ix":5},"r":1,"bm":0,"nm":"Fond 1","mn":"ADBE Vector Graphic - Fill","hd":false},{"ty":"tr","p":{"a":0,"k":[26.05,26.05],"ix":2},"a":{"a":0,"k":[0,0],"ix":1},"s":{"a":0,"k":[100,100],"ix":3},"r":{"a":0,"k":0,"ix":6},"o":{"a":0,"k":100,"ix":7},"sk":{"a":0,"k":0,"ix":4},"sa":{"a":0,"k":0,"ix":5},"nm":"Transformer "}],"nm":"Groupe 1","np":4,"cix":2,"bm":0,"ix":1,"mn":"ADBE Vector Group","hd":false},{"ty":"gr","it":[{"ind":0,"ty":"sh","ix":1,"ks":{"a":0,"k":{"i":[[-10.383,0],[0,-10.383],[10.383,0],[0,10.383]],"o":[[10.383,0],[0,10.383],[-10.383,0],[0,-10.383]],"v":[[0,-18.8],[18.8,0],[0,18.8],[-18.8,0]],"c":true},"ix":2},"nm":"Tracé 1","mn":"ADBE Vector Shape - Group","hd":false},{"ty":"fl","c":{"a":0,"k":[0.8784313725490196,0.24313725490196078,0.24313725490196078,1],"ix":4},"o":{"a":0,"k":100,"ix":5},"r":1,"bm":0,"nm":"Fond 1","mn":"ADBE Vector Graphic - Fill","hd":false},{"ty":"tr","p":{"a":0,"k":[26.05,26.05],"ix":2},"a":{"a":0,"k":[0,0],"ix":1},"s":{"a":0,"k":[100,100],"ix":3},"r":{"a":0,"k":0,"ix":6},"o":{"a":0,"k":100,"ix":7},"sk":{"a":0,"k":0,"ix":4},"sa":{"a":0,"k":0,"ix":5},"nm":"Transformer "}],"nm":"Groupe 2","np":2,"cix":2,"bm":0,"ix":2,"mn":"ADBE Vector Group","hd":false}],"ip":0,"op":260,"st":0,"bm":0},{"ddd":0,"ind":5,"ty":4,"nm":"Calque 5 Silhouettes","sr":1,"ks":{"o":{"a":0,"k":100,"ix":11},"r":{"a":0,"k":0,"ix":10},"p":{"a":1,"k":[{"i":{"x":0.667,"y":1},"o":{"x":0.333,"y":0},"t":0,"s":[368,304.5,0],"to":[-25,0,0],"ti":[3.333,0,0]},{"i":{"x":0.667,"y":1},"o":{"x":0.333,"y":0},"t":65,"s":[218,304.5,0],"to":[-3.333,0,0],"ti":[-6.667,0,0]},{"i":{"x":0.667,"y":1},"o":{"x":0.333,"y":0},"t":136,"s":[348,304.5,0],"to":[6.667,0,0],"ti":[-13.333,0,0]},{"i":{"x":0.667,"y":1},"o":{"x":0.333,"y":0},"t":195,"s":[258,304.5,0],"to":[13.333,0,0],"ti":[-28.333,0,0]},{"t":259,"s":[428,304.5,0]}],"ix":2},"a":{"a":0,"k":[26.05,26.05,0],"ix":1},"s":{"a":1,"k":[{"i":{"x":[0.833,0.833,0.833],"y":[0.833,0.833,0.833]},"o":{"x":[0.167,0.167,0.167],"y":[0.167,0.167,0.167]},"t":26,"s":[0,0,100]},{"i":{"x":[0.833,0.833,0.833],"y":[0.833,0.833,0.833]},"o":{"x":[0.167,0.167,0.167],"y":[0.167,0.167,0.167]},"t":48,"s":[100,100,100]},{"i":{"x":[0.833,0.833,0.833],"y":[0.833,0.833,0.833]},"o":{"x":[0.167,0.167,0.167],"y":[0.167,0.167,0.167]},"t":233,"s":[100,100,100]},{"t":253,"s":[0,0,100]}],"ix":6,"x":"var $bm_rt;\nfunction doIt() {\n    var easingEquation, val1, val2, val3;\n    var ew_one = backOut;\n    var ew_two = backIn;\n    var n = 0;\n    if (numKeys > 0) {\n        n = nearestKey(time).index;\n        if (key(n).time > time) {\n            n--;\n        }\n        if (n < 2) {\n            easingEquation = ew_one;\n        } else if (n >= $bm_sub(numKeys, 1)) {\n            easingEquation = ew_two;\n        } else {\n            return null;\n        }\n    }\n    try {\n        var key1 = key(n);\n        var key2 = key($bm_sum(n, 1));\n    } catch (e) {\n        return null;\n    }\n    var dim = 1;\n    try {\n        key(1)[1].length;\n        dim = 2;\n        key(1)[2].length;\n        dim = 3;\n    } catch (e) {\n    }\n    var t = $bm_sub(time, key1.time);\n    var d = $bm_sub(key2.time, key1.time);\n    var sX = key1[0];\n    var eX = $bm_sub(key2[0], key1[0]);\n    if (dim >= 2) {\n        var sY = key1[1];\n        var eY = $bm_sub(key2[1], key1[1]);\n        if (dim >= 3) {\n            var sZ = key1[2];\n            var eZ = $bm_sub(key2[2], key1[2]);\n        }\n    }\n    if (time < key1.time || time > key2.time) {\n        return value;\n    } else {\n        val1 = easingEquation(t, sX, eX, d);\n        switch (dim) {\n        case 1:\n            return val1;\n            break;\n        case 2:\n            val2 = easingEquation(t, sY, eY, d);\n            return [\n                val1,\n                val2\n            ];\n            break;\n        case 3:\n            val2 = easingEquation(t, sY, eY, d);\n            val3 = easingEquation(t, sZ, eZ, d);\n            return [\n                val1,\n                val2,\n                val3\n            ];\n            break;\n        default:\n            return null;\n        }\n    }\n}\nvar IN_EXPO_CORRECTION = 0.000976563;\nvar OUT_EXPO_CORRECTION = 1.000976563;\nvar s = 1.70158;\nvar p = 0.81;\nvar a = 50;\nfunction bounceOut(t, b, c, d) {\n    if ((t /= d) < 1 / 2.75) {\n        return $bm_sum($bm_mul(c, $bm_mul($bm_mul(7.5625, t), t)), b);\n    } else if (t < 2 / 2.75) {\n        return $bm_sum($bm_mul(c, $bm_sum($bm_mul($bm_mul(7.5625, t -= 1.5 / 2.75), t), 0.75)), b);\n    } else if (t < 2.5 / 2.75) {\n        return $bm_sum($bm_mul(c, $bm_sum($bm_mul($bm_mul(7.5625, t -= 2.25 / 2.75), t), 0.9375)), b);\n    } else {\n        return $bm_sum($bm_mul(c, $bm_sum($bm_mul($bm_mul(7.5625, t -= 2.625 / 2.75), t), 0.984375)), b);\n    }\n}\nfunction bounceIn(t, b, c, d) {\n    return $bm_sum($bm_sub(c, bounceOut($bm_sub(d, t), 0, c, d)), b);\n}\nfunction bounceInOut(t, b, c, d) {\n    if (t < $bm_div(d, 2))\n        return $bm_sum($bm_mul(bounceIn($bm_mul(t, 2), 0, c, d), 0.5), b);\n    else\n        return bounceOut(t * 2 - d, 0, c, d) * 0.5 + c * 0.5 + b;\n}\nfunction backIn(t, b, c, d) {\n    return $bm_sum($bm_mul($bm_mul($bm_mul(c, t /= d), t), $bm_sub($bm_mul($bm_sum(s, 1), t), s)), b);\n}\nfunction backInOut(t, b, c, d) {\n    if ((t /= d / 2) < 1)\n        return $bm_sum($bm_mul($bm_div(c, 2), $bm_mul($bm_mul(t, t), $bm_sub($bm_mul($bm_sum(s *= 1.525, 1), t), s))), b);\n    return $bm_sum($bm_mul($bm_div(c, 2), $bm_sum($bm_mul($bm_mul(t -= 2, t), $bm_sum($bm_mul($bm_sum(s *= 1.525, 1), t), s)), 2)), b);\n}\nfunction backOut(t, b, c, d) {\n    return $bm_sum($bm_mul(c, $bm_sum($bm_mul($bm_mul(t = t / d - 1, t), $bm_sum($bm_mul($bm_sum(s, 1), t), s)), 1)), b);\n}\nfunction circIn(t, b, c, d) {\n    return $bm_sum($bm_mul($bm_neg(c), $bm_sub(Math.sqrt($bm_sub(1, $bm_mul(t /= d, t))), 1)), b);\n}\nfunction circInOut(t, b, c, d) {\n    if ((t /= d / 2) < 1)\n        return $bm_sum($bm_mul($bm_div($bm_neg(c), 2), $bm_sub(Math.sqrt($bm_sub(1, $bm_mul(t, t))), 1)), b);\n    return $bm_sum($bm_mul($bm_div(c, 2), $bm_sum(Math.sqrt($bm_sub(1, $bm_mul(t -= 2, t))), 1)), b);\n}\nfunction circOut(t, b, c, d) {\n    return $bm_sum($bm_mul(c, Math.sqrt($bm_sub(1, $bm_mul(t = t / d - 1, t)))), b);\n}\nfunction elasticIn(t, b, c, d) {\n    if (t == 0)\n        return b;\n    if ((t /= d) == 1)\n        return $bm_sum(b, c);\n    if (!p)\n        p = $bm_mul(d, 0.3);\n    if (!a || a < Math.abs(c)) {\n        a = c;\n        s = $bm_div(p, 4);\n    } else\n        s = $bm_mul($bm_div(p, $bm_mul(2, Math.PI)), Math.asin($bm_div(c, a)));\n    return $bm_sum($bm_neg($bm_mul($bm_mul(a, Math.pow(2, $bm_mul(10, t -= 1))), Math.sin($bm_div($bm_mul($bm_sub($bm_mul(t, d), s), $bm_mul(2, Math.PI)), p)))), b);\n}\nfunction elasticInOut(t, b, c, d) {\n    if (t == 0)\n        return b;\n    if ((t /= d / 2) == 2)\n        return $bm_sum(b, c);\n    if (!p)\n        p = $bm_mul(d, 0.3 * 1.5);\n    if (!a || a < Math.abs(c)) {\n        a = c;\n        s = $bm_div(p, 4);\n    } else\n        s = $bm_mul($bm_div(p, $bm_mul(2, Math.PI)), Math.asin($bm_div(c, a)));\n    if (t < 1)\n        return $bm_sum($bm_mul(-0.5, $bm_mul($bm_mul(a, Math.pow(2, $bm_mul(10, t -= 1))), Math.sin($bm_div($bm_mul($bm_sub($bm_mul(t, d), s), $bm_mul(2, Math.PI)), p)))), b);\n    return $bm_sum($bm_sum($bm_mul($bm_mul($bm_mul(a, Math.pow(2, $bm_mul(-10, t -= 1))), Math.sin($bm_div($bm_mul($bm_sub($bm_mul(t, d), s), $bm_mul(2, Math.PI)), p))), 0.5), c), b);\n}\nfunction elasticOut(t, b, c, d) {\n    if (t == 0)\n        return b;\n    if ((t /= d) == 1)\n        return $bm_sum(b, c);\n    if (!p)\n        p = $bm_mul(d, 0.3);\n    if (!a || a < Math.abs(c)) {\n        a = c;\n        s = $bm_div(p, 4);\n    } else\n        s = $bm_mul($bm_div(p, $bm_mul(2, Math.PI)), Math.asin($bm_div(c, a)));\n    return $bm_sum($bm_sum($bm_mul($bm_mul(a, Math.pow(2, $bm_mul(-10, t))), Math.sin($bm_div($bm_mul($bm_sub($bm_mul(t, d), s), $bm_mul(2, Math.PI)), p))), c), b);\n}\nfunction expoIn(t, b, c, d) {\n    return t == 0 ? b : c * (Math.pow(2, 10 * (t / d - 1)) - IN_EXPO_CORRECTION) + b;\n}\nfunction expoInOut(t, b, c, d) {\n    var v;\n    if ((t /= d / 2) < 1) {\n        v = $bm_sub(Math.pow(2, $bm_mul(10, $bm_sub(t, 1))), IN_EXPO_CORRECTION);\n    } else {\n        v = $bm_sum($bm_sum($bm_neg(Math.pow(2, $bm_mul(-10, $bm_sub(t, 1)))), 2), IN_EXPO_CORRECTION);\n    }\n    return $bm_sum(b, $bm_mul($bm_div(v, 2), c));\n}\nfunction expoOut(t, b, c, d) {\n    return t == d ? b + c : c * OUT_EXPO_CORRECTION * (-Math.pow(2, -10 * t / d) + 1) + b;\n}\nfunction quadIn(t, b, c, d) {\n    return $bm_sum($bm_mul($bm_mul(c, t /= d), t), b);\n}\nfunction quadInOut(t, b, c, d) {\n    if ((t /= d / 2) < 1)\n        return $bm_sum($bm_mul($bm_mul($bm_div(c, 2), t), t), b);\n    return $bm_sum($bm_mul($bm_div($bm_neg(c), 2), $bm_sub($bm_mul(--t, $bm_sub(t, 2)), 1)), b);\n}\nfunction quadOut(t, b, c, d) {\n    return $bm_sum($bm_mul($bm_mul($bm_neg(c), t /= d), $bm_sub(t, 2)), b);\n}\nfunction quartIn(t, b, c, d) {\n    return $bm_sum($bm_mul($bm_mul($bm_mul($bm_mul(c, t /= d), t), t), t), b);\n}\nfunction quartInOut(t, b, c, d) {\n    if ((t /= d / 2) < 1)\n        return $bm_sum($bm_mul($bm_mul($bm_mul($bm_mul($bm_div(c, 2), t), t), t), t), b);\n    return $bm_sum($bm_mul($bm_div($bm_neg(c), 2), $bm_sub($bm_mul($bm_mul($bm_mul(t -= 2, t), t), t), 2)), b);\n}\nfunction quartOut(t, b, c, d) {\n    return $bm_sum($bm_mul($bm_neg(c), $bm_sub($bm_mul($bm_mul($bm_mul(t = t / d - 1, t), t), t), 1)), b);\n}\nfunction quintIn(t, b, c, d) {\n    return $bm_sum($bm_mul($bm_mul($bm_mul($bm_mul($bm_mul(c, t /= d), t), t), t), t), b);\n}\nfunction quintInOut(t, b, c, d) {\n    if ((t /= d / 2) < 1)\n        return $bm_sum($bm_mul($bm_mul($bm_mul($bm_mul($bm_mul($bm_div(c, 2), t), t), t), t), t), b);\n    return $bm_sum($bm_mul($bm_div(c, 2), $bm_sum($bm_mul($bm_mul($bm_mul($bm_mul(t -= 2, t), t), t), t), 2)), b);\n}\nfunction quintOut(t, b, c, d) {\n    return $bm_sum($bm_mul(c, $bm_sum($bm_mul($bm_mul($bm_mul($bm_mul(t = t / d - 1, t), t), t), t), 1)), b);\n}\nfunction sineIn(t, b, c, d) {\n    return $bm_sum($bm_sum($bm_mul($bm_neg(c), Math.cos($bm_mul($bm_div(t, d), $bm_div(Math.PI, 2)))), c), b);\n}\nfunction sineInOut(t, b, c, d) {\n    return $bm_sum($bm_mul($bm_div($bm_neg(c), 2), $bm_sub(Math.cos($bm_div($bm_mul(Math.PI, t), d)), 1)), b);\n}\nfunction sineOut(t, b, c, d) {\n    return $bm_sum($bm_mul(c, Math.sin($bm_mul($bm_div(t, d), $bm_div(Math.PI, 2)))), b);\n}\n$bm_rt = doIt() || value;"}},"ao":0,"shapes":[{"ty":"gr","it":[{"ind":0,"ty":"sh","ix":1,"ks":{"a":0,"k":{"i":[[14.3,0],[0,-14.2],[-14.2,0],[0,14.2]],"o":[[-14.3,0],[0,14.2],[14.2,0],[0,-14.2]],"v":[[0,-25.8],[-25.8,0],[0,25.8],[25.8,0]],"c":true},"ix":2},"nm":"Tracé 1","mn":"ADBE Vector Shape - Group","hd":false},{"ind":1,"ty":"sh","ix":2,"ks":{"a":0,"k":{"i":[[-6.5,0],[0,-6.5],[6.5,0],[0,6.5]],"o":[[6.5,0],[0,6.5],[-6.5,0],[0,-6.5]],"v":[[0,-11.8],[11.8,0],[0,11.8],[-11.8,0]],"c":true},"ix":2},"nm":"Tracé 2","mn":"ADBE Vector Shape - Group","hd":false},{"ty":"mm","mm":1,"nm":"Fusionner les tracés 1","mn":"ADBE Vector Filter - Merge","hd":false},{"ty":"fl","c":{"a":0,"k":[0.8784313725490196,0.24313725490196078,0.24313725490196078,1],"ix":4},"o":{"a":0,"k":100,"ix":5},"r":1,"bm":0,"nm":"Fond 1","mn":"ADBE Vector Graphic - Fill","hd":false},{"ty":"tr","p":{"a":0,"k":[26.05,26.05],"ix":2},"a":{"a":0,"k":[0,0],"ix":1},"s":{"a":0,"k":[100,100],"ix":3},"r":{"a":0,"k":0,"ix":6},"o":{"a":0,"k":100,"ix":7},"sk":{"a":0,"k":0,"ix":4},"sa":{"a":0,"k":0,"ix":5},"nm":"Transformer "}],"nm":"Groupe 1","np":4,"cix":2,"bm":0,"ix":1,"mn":"ADBE Vector Group","hd":false},{"ty":"gr","it":[{"ind":0,"ty":"sh","ix":1,"ks":{"a":0,"k":{"i":[[10.4,0],[0,10.401],[-10.4,0],[0,-10.4]],"o":[[-10.4,0],[0,-10.4],[10.4,0],[0,10.401]],"v":[[0,18.8],[-18.8,0],[0,-18.8],[18.8,0]],"c":true},"ix":2},"nm":"Tracé 1","mn":"ADBE Vector Shape - Group","hd":false},{"ty":"fl","c":{"a":0,"k":[0.8784313725490196,0.24313725490196078,0.24313725490196078,1],"ix":4},"o":{"a":0,"k":100,"ix":5},"r":1,"bm":0,"nm":"Fond 1","mn":"ADBE Vector Graphic - Fill","hd":false},{"ty":"tr","p":{"a":0,"k":[26.05,26.05],"ix":2},"a":{"a":0,"k":[0,0],"ix":1},"s":{"a":0,"k":[100,100],"ix":3},"r":{"a":0,"k":0,"ix":6},"o":{"a":0,"k":100,"ix":7},"sk":{"a":0,"k":0,"ix":4},"sa":{"a":0,"k":0,"ix":5},"nm":"Transformer "}],"nm":"Groupe 2","np":2,"cix":2,"bm":0,"ix":2,"mn":"ADBE Vector Group","hd":false}],"ip":0,"op":260,"st":0,"bm":0},{"ddd":0,"ind":6,"ty":4,"nm":"Calque 4 Silhouettes","sr":1,"ks":{"o":{"a":0,"k":100,"ix":11},"r":{"a":0,"k":0,"ix":10},"p":{"a":0,"k":[257.8,267.5,0],"ix":2},"a":{"a":0,"k":[202.95,7.75,0],"ix":1},"s":{"a":1,"k":[{"i":{"x":[0.833,0.833,0.833],"y":[0.833,0.833,0.833]},"o":{"x":[0.167,0.167,0.167],"y":[0.167,0.167,0.167]},"t":16,"s":[0,100,100]},{"i":{"x":[0.833,0.833,0.833],"y":[0.833,0.833,0.833]},"o":{"x":[0.167,0.167,0.167],"y":[0.167,0.167,0.167]},"t":40,"s":[100,100,100]},{"i":{"x":[0.833,0.833,0.833],"y":[0.833,0.833,0.833]},"o":{"x":[0.167,0.167,0.167],"y":[0.167,0.167,0.167]},"t":239,"s":[100,100,100]},{"t":259,"s":[0,100,100]}],"ix":6,"x":"var $bm_rt;\nfunction doIt() {\n    var easingEquation, val1, val2, val3;\n    var ew_one = backOut;\n    var ew_two = backIn;\n    var n = 0;\n    if (numKeys > 0) {\n        n = nearestKey(time).index;\n        if (key(n).time > time) {\n            n--;\n        }\n        if (n < 2) {\n            easingEquation = ew_one;\n        } else if (n >= $bm_sub(numKeys, 1)) {\n            easingEquation = ew_two;\n        } else {\n            return null;\n        }\n    }\n    try {\n        var key1 = key(n);\n        var key2 = key($bm_sum(n, 1));\n    } catch (e) {\n        return null;\n    }\n    var dim = 1;\n    try {\n        key(1)[1].length;\n        dim = 2;\n        key(1)[2].length;\n        dim = 3;\n    } catch (e) {\n    }\n    var t = $bm_sub(time, key1.time);\n    var d = $bm_sub(key2.time, key1.time);\n    var sX = key1[0];\n    var eX = $bm_sub(key2[0], key1[0]);\n    if (dim >= 2) {\n        var sY = key1[1];\n        var eY = $bm_sub(key2[1], key1[1]);\n        if (dim >= 3) {\n            var sZ = key1[2];\n            var eZ = $bm_sub(key2[2], key1[2]);\n        }\n    }\n    if (time < key1.time || time > key2.time) {\n        return value;\n    } else {\n        val1 = easingEquation(t, sX, eX, d);\n        switch (dim) {\n        case 1:\n            return val1;\n            break;\n        case 2:\n            val2 = easingEquation(t, sY, eY, d);\n            return [\n                val1,\n                val2\n            ];\n            break;\n        case 3:\n            val2 = easingEquation(t, sY, eY, d);\n            val3 = easingEquation(t, sZ, eZ, d);\n            return [\n                val1,\n                val2,\n                val3\n            ];\n            break;\n        default:\n            return null;\n        }\n    }\n}\nvar IN_EXPO_CORRECTION = 0.000976563;\nvar OUT_EXPO_CORRECTION = 1.000976563;\nvar s = 1.70158;\nvar p = 0.81;\nvar a = 50;\nfunction bounceOut(t, b, c, d) {\n    if ((t /= d) < 1 / 2.75) {\n        return $bm_sum($bm_mul(c, $bm_mul($bm_mul(7.5625, t), t)), b);\n    } else if (t < 2 / 2.75) {\n        return $bm_sum($bm_mul(c, $bm_sum($bm_mul($bm_mul(7.5625, t -= 1.5 / 2.75), t), 0.75)), b);\n    } else if (t < 2.5 / 2.75) {\n        return $bm_sum($bm_mul(c, $bm_sum($bm_mul($bm_mul(7.5625, t -= 2.25 / 2.75), t), 0.9375)), b);\n    } else {\n        return $bm_sum($bm_mul(c, $bm_sum($bm_mul($bm_mul(7.5625, t -= 2.625 / 2.75), t), 0.984375)), b);\n    }\n}\nfunction bounceIn(t, b, c, d) {\n    return $bm_sum($bm_sub(c, bounceOut($bm_sub(d, t), 0, c, d)), b);\n}\nfunction bounceInOut(t, b, c, d) {\n    if (t < $bm_div(d, 2))\n        return $bm_sum($bm_mul(bounceIn($bm_mul(t, 2), 0, c, d), 0.5), b);\n    else\n        return bounceOut(t * 2 - d, 0, c, d) * 0.5 + c * 0.5 + b;\n}\nfunction backIn(t, b, c, d) {\n    return $bm_sum($bm_mul($bm_mul($bm_mul(c, t /= d), t), $bm_sub($bm_mul($bm_sum(s, 1), t), s)), b);\n}\nfunction backInOut(t, b, c, d) {\n    if ((t /= d / 2) < 1)\n        return $bm_sum($bm_mul($bm_div(c, 2), $bm_mul($bm_mul(t, t), $bm_sub($bm_mul($bm_sum(s *= 1.525, 1), t), s))), b);\n    return $bm_sum($bm_mul($bm_div(c, 2), $bm_sum($bm_mul($bm_mul(t -= 2, t), $bm_sum($bm_mul($bm_sum(s *= 1.525, 1), t), s)), 2)), b);\n}\nfunction backOut(t, b, c, d) {\n    return $bm_sum($bm_mul(c, $bm_sum($bm_mul($bm_mul(t = t / d - 1, t), $bm_sum($bm_mul($bm_sum(s, 1), t), s)), 1)), b);\n}\nfunction circIn(t, b, c, d) {\n    return $bm_sum($bm_mul($bm_neg(c), $bm_sub(Math.sqrt($bm_sub(1, $bm_mul(t /= d, t))), 1)), b);\n}\nfunction circInOut(t, b, c, d) {\n    if ((t /= d / 2) < 1)\n        return $bm_sum($bm_mul($bm_div($bm_neg(c), 2), $bm_sub(Math.sqrt($bm_sub(1, $bm_mul(t, t))), 1)), b);\n    return $bm_sum($bm_mul($bm_div(c, 2), $bm_sum(Math.sqrt($bm_sub(1, $bm_mul(t -= 2, t))), 1)), b);\n}\nfunction circOut(t, b, c, d) {\n    return $bm_sum($bm_mul(c, Math.sqrt($bm_sub(1, $bm_mul(t = t / d - 1, t)))), b);\n}\nfunction elasticIn(t, b, c, d) {\n    if (t == 0)\n        return b;\n    if ((t /= d) == 1)\n        return $bm_sum(b, c);\n    if (!p)\n        p = $bm_mul(d, 0.3);\n    if (!a || a < Math.abs(c)) {\n        a = c;\n        s = $bm_div(p, 4);\n    } else\n        s = $bm_mul($bm_div(p, $bm_mul(2, Math.PI)), Math.asin($bm_div(c, a)));\n    return $bm_sum($bm_neg($bm_mul($bm_mul(a, Math.pow(2, $bm_mul(10, t -= 1))), Math.sin($bm_div($bm_mul($bm_sub($bm_mul(t, d), s), $bm_mul(2, Math.PI)), p)))), b);\n}\nfunction elasticInOut(t, b, c, d) {\n    if (t == 0)\n        return b;\n    if ((t /= d / 2) == 2)\n        return $bm_sum(b, c);\n    if (!p)\n        p = $bm_mul(d, 0.3 * 1.5);\n    if (!a || a < Math.abs(c)) {\n        a = c;\n        s = $bm_div(p, 4);\n    } else\n        s = $bm_mul($bm_div(p, $bm_mul(2, Math.PI)), Math.asin($bm_div(c, a)));\n    if (t < 1)\n        return $bm_sum($bm_mul(-0.5, $bm_mul($bm_mul(a, Math.pow(2, $bm_mul(10, t -= 1))), Math.sin($bm_div($bm_mul($bm_sub($bm_mul(t, d), s), $bm_mul(2, Math.PI)), p)))), b);\n    return $bm_sum($bm_sum($bm_mul($bm_mul($bm_mul(a, Math.pow(2, $bm_mul(-10, t -= 1))), Math.sin($bm_div($bm_mul($bm_sub($bm_mul(t, d), s), $bm_mul(2, Math.PI)), p))), 0.5), c), b);\n}\nfunction elasticOut(t, b, c, d) {\n    if (t == 0)\n        return b;\n    if ((t /= d) == 1)\n        return $bm_sum(b, c);\n    if (!p)\n        p = $bm_mul(d, 0.3);\n    if (!a || a < Math.abs(c)) {\n        a = c;\n        s = $bm_div(p, 4);\n    } else\n        s = $bm_mul($bm_div(p, $bm_mul(2, Math.PI)), Math.asin($bm_div(c, a)));\n    return $bm_sum($bm_sum($bm_mul($bm_mul(a, Math.pow(2, $bm_mul(-10, t))), Math.sin($bm_div($bm_mul($bm_sub($bm_mul(t, d), s), $bm_mul(2, Math.PI)), p))), c), b);\n}\nfunction expoIn(t, b, c, d) {\n    return t == 0 ? b : c * (Math.pow(2, 10 * (t / d - 1)) - IN_EXPO_CORRECTION) + b;\n}\nfunction expoInOut(t, b, c, d) {\n    var v;\n    if ((t /= d / 2) < 1) {\n        v = $bm_sub(Math.pow(2, $bm_mul(10, $bm_sub(t, 1))), IN_EXPO_CORRECTION);\n    } else {\n        v = $bm_sum($bm_sum($bm_neg(Math.pow(2, $bm_mul(-10, $bm_sub(t, 1)))), 2), IN_EXPO_CORRECTION);\n    }\n    return $bm_sum(b, $bm_mul($bm_div(v, 2), c));\n}\nfunction expoOut(t, b, c, d) {\n    return t == d ? b + c : c * OUT_EXPO_CORRECTION * (-Math.pow(2, -10 * t / d) + 1) + b;\n}\nfunction quadIn(t, b, c, d) {\n    return $bm_sum($bm_mul($bm_mul(c, t /= d), t), b);\n}\nfunction quadInOut(t, b, c, d) {\n    if ((t /= d / 2) < 1)\n        return $bm_sum($bm_mul($bm_mul($bm_div(c, 2), t), t), b);\n    return $bm_sum($bm_mul($bm_div($bm_neg(c), 2), $bm_sub($bm_mul(--t, $bm_sub(t, 2)), 1)), b);\n}\nfunction quadOut(t, b, c, d) {\n    return $bm_sum($bm_mul($bm_mul($bm_neg(c), t /= d), $bm_sub(t, 2)), b);\n}\nfunction quartIn(t, b, c, d) {\n    return $bm_sum($bm_mul($bm_mul($bm_mul($bm_mul(c, t /= d), t), t), t), b);\n}\nfunction quartInOut(t, b, c, d) {\n    if ((t /= d / 2) < 1)\n        return $bm_sum($bm_mul($bm_mul($bm_mul($bm_mul($bm_div(c, 2), t), t), t), t), b);\n    return $bm_sum($bm_mul($bm_div($bm_neg(c), 2), $bm_sub($bm_mul($bm_mul($bm_mul(t -= 2, t), t), t), 2)), b);\n}\nfunction quartOut(t, b, c, d) {\n    return $bm_sum($bm_mul($bm_neg(c), $bm_sub($bm_mul($bm_mul($bm_mul(t = t / d - 1, t), t), t), 1)), b);\n}\nfunction quintIn(t, b, c, d) {\n    return $bm_sum($bm_mul($bm_mul($bm_mul($bm_mul($bm_mul(c, t /= d), t), t), t), t), b);\n}\nfunction quintInOut(t, b, c, d) {\n    if ((t /= d / 2) < 1)\n        return $bm_sum($bm_mul($bm_mul($bm_mul($bm_mul($bm_mul($bm_div(c, 2), t), t), t), t), t), b);\n    return $bm_sum($bm_mul($bm_div(c, 2), $bm_sum($bm_mul($bm_mul($bm_mul($bm_mul(t -= 2, t), t), t), t), 2)), b);\n}\nfunction quintOut(t, b, c, d) {\n    return $bm_sum($bm_mul(c, $bm_sum($bm_mul($bm_mul($bm_mul($bm_mul(t = t / d - 1, t), t), t), t), 1)), b);\n}\nfunction sineIn(t, b, c, d) {\n    return $bm_sum($bm_sum($bm_mul($bm_neg(c), Math.cos($bm_mul($bm_div(t, d), $bm_div(Math.PI, 2)))), c), b);\n}\nfunction sineInOut(t, b, c, d) {\n    return $bm_sum($bm_mul($bm_div($bm_neg(c), 2), $bm_sub(Math.cos($bm_div($bm_mul(Math.PI, t), d)), 1)), b);\n}\nfunction sineOut(t, b, c, d) {\n    return $bm_sum($bm_mul(c, Math.sin($bm_mul($bm_div(t, d), $bm_div(Math.PI, 2)))), b);\n}\n$bm_rt = doIt() || value;"}},"ao":0,"shapes":[{"ty":"gr","it":[{"ind":0,"ty":"sh","ix":1,"ks":{"a":0,"k":{"i":[[4.199,0],[0,0],[0,0],[0,0],[0,-4.1],[-4.1,0],[0,0],[0,0],[0,0],[0,4.1]],"o":[[0,0],[0,0],[0,0],[-4.1,0],[0,4.1],[0,0],[0,0],[0,0],[4.099,0],[-0.1,-4.1]],"v":[[195.1,-7.5],[-12.6,-7.5],[-18.7,-7.5],[-195.2,-7.5],[-202.7,0],[-195.2,7.5],[-18.7,7.5],[-12.6,7.5],[195.2,7.5],[202.7,0]],"c":true},"ix":2},"nm":"Tracé 1","mn":"ADBE Vector Shape - Group","hd":false},{"ty":"fl","c":{"a":0,"k":[0.8392156862745098,0.8392156862745098,0.8392156862745098,1],"ix":4},"o":{"a":0,"k":100,"ix":5},"r":1,"bm":0,"nm":"Fond 1","mn":"ADBE Vector Graphic - Fill","hd":false},{"ty":"tr","p":{"a":0,"k":[202.95,7.75],"ix":2},"a":{"a":0,"k":[0,0],"ix":1},"s":{"a":0,"k":[100,100],"ix":3},"r":{"a":0,"k":0,"ix":6},"o":{"a":0,"k":100,"ix":7},"sk":{"a":0,"k":0,"ix":4},"sa":{"a":0,"k":0,"ix":5},"nm":"Transformer "}],"nm":"Groupe 1","np":2,"cix":2,"bm":0,"ix":1,"mn":"ADBE Vector Group","hd":false}],"ip":13,"op":273,"st":13,"bm":0},{"ddd":0,"ind":7,"ty":4,"nm":"Calque 2 Silhouettes","sr":1,"ks":{"o":{"a":0,"k":100,"ix":11},"r":{"a":0,"k":0,"ix":10},"p":{"a":0,"k":[257.8,307.5,0],"ix":2},"a":{"a":0,"k":[202.95,7.75,0],"ix":1},"s":{"a":1,"k":[{"i":{"x":[0.833,0.833,0.833],"y":[0.833,0.833,0.833]},"o":{"x":[0.167,0.167,0.167],"y":[0.167,0.167,0.167]},"t":3,"s":[0,100,100]},{"i":{"x":[0.833,0.833,0.833],"y":[0.833,0.833,0.833]},"o":{"x":[0.167,0.167,0.167],"y":[0.167,0.167,0.167]},"t":27,"s":[100,100,100]},{"i":{"x":[0.833,0.833,0.833],"y":[0.833,0.833,0.833]},"o":{"x":[0.167,0.167,0.167],"y":[0.167,0.167,0.167]},"t":239,"s":[100,100,100]},{"t":259,"s":[0,100,100]}],"ix":6,"x":"var $bm_rt;\nfunction doIt() {\n    var easingEquation, val1, val2, val3;\n    var ew_one = backOut;\n    var ew_two = backIn;\n    var n = 0;\n    if (numKeys > 0) {\n        n = nearestKey(time).index;\n        if (key(n).time > time) {\n            n--;\n        }\n        if (n < 2) {\n            easingEquation = ew_one;\n        } else if (n >= $bm_sub(numKeys, 1)) {\n            easingEquation = ew_two;\n        } else {\n            return null;\n        }\n    }\n    try {\n        var key1 = key(n);\n        var key2 = key($bm_sum(n, 1));\n    } catch (e) {\n        return null;\n    }\n    var dim = 1;\n    try {\n        key(1)[1].length;\n        dim = 2;\n        key(1)[2].length;\n        dim = 3;\n    } catch (e) {\n    }\n    var t = $bm_sub(time, key1.time);\n    var d = $bm_sub(key2.time, key1.time);\n    var sX = key1[0];\n    var eX = $bm_sub(key2[0], key1[0]);\n    if (dim >= 2) {\n        var sY = key1[1];\n        var eY = $bm_sub(key2[1], key1[1]);\n        if (dim >= 3) {\n            var sZ = key1[2];\n            var eZ = $bm_sub(key2[2], key1[2]);\n        }\n    }\n    if (time < key1.time || time > key2.time) {\n        return value;\n    } else {\n        val1 = easingEquation(t, sX, eX, d);\n        switch (dim) {\n        case 1:\n            return val1;\n            break;\n        case 2:\n            val2 = easingEquation(t, sY, eY, d);\n            return [\n                val1,\n                val2\n            ];\n            break;\n        case 3:\n            val2 = easingEquation(t, sY, eY, d);\n            val3 = easingEquation(t, sZ, eZ, d);\n            return [\n                val1,\n                val2,\n                val3\n            ];\n            break;\n        default:\n            return null;\n        }\n    }\n}\nvar IN_EXPO_CORRECTION = 0.000976563;\nvar OUT_EXPO_CORRECTION = 1.000976563;\nvar s = 1.70158;\nvar p = 0.81;\nvar a = 50;\nfunction bounceOut(t, b, c, d) {\n    if ((t /= d) < 1 / 2.75) {\n        return $bm_sum($bm_mul(c, $bm_mul($bm_mul(7.5625, t), t)), b);\n    } else if (t < 2 / 2.75) {\n        return $bm_sum($bm_mul(c, $bm_sum($bm_mul($bm_mul(7.5625, t -= 1.5 / 2.75), t), 0.75)), b);\n    } else if (t < 2.5 / 2.75) {\n        return $bm_sum($bm_mul(c, $bm_sum($bm_mul($bm_mul(7.5625, t -= 2.25 / 2.75), t), 0.9375)), b);\n    } else {\n        return $bm_sum($bm_mul(c, $bm_sum($bm_mul($bm_mul(7.5625, t -= 2.625 / 2.75), t), 0.984375)), b);\n    }\n}\nfunction bounceIn(t, b, c, d) {\n    return $bm_sum($bm_sub(c, bounceOut($bm_sub(d, t), 0, c, d)), b);\n}\nfunction bounceInOut(t, b, c, d) {\n    if (t < $bm_div(d, 2))\n        return $bm_sum($bm_mul(bounceIn($bm_mul(t, 2), 0, c, d), 0.5), b);\n    else\n        return bounceOut(t * 2 - d, 0, c, d) * 0.5 + c * 0.5 + b;\n}\nfunction backIn(t, b, c, d) {\n    return $bm_sum($bm_mul($bm_mul($bm_mul(c, t /= d), t), $bm_sub($bm_mul($bm_sum(s, 1), t), s)), b);\n}\nfunction backInOut(t, b, c, d) {\n    if ((t /= d / 2) < 1)\n        return $bm_sum($bm_mul($bm_div(c, 2), $bm_mul($bm_mul(t, t), $bm_sub($bm_mul($bm_sum(s *= 1.525, 1), t), s))), b);\n    return $bm_sum($bm_mul($bm_div(c, 2), $bm_sum($bm_mul($bm_mul(t -= 2, t), $bm_sum($bm_mul($bm_sum(s *= 1.525, 1), t), s)), 2)), b);\n}\nfunction backOut(t, b, c, d) {\n    return $bm_sum($bm_mul(c, $bm_sum($bm_mul($bm_mul(t = t / d - 1, t), $bm_sum($bm_mul($bm_sum(s, 1), t), s)), 1)), b);\n}\nfunction circIn(t, b, c, d) {\n    return $bm_sum($bm_mul($bm_neg(c), $bm_sub(Math.sqrt($bm_sub(1, $bm_mul(t /= d, t))), 1)), b);\n}\nfunction circInOut(t, b, c, d) {\n    if ((t /= d / 2) < 1)\n        return $bm_sum($bm_mul($bm_div($bm_neg(c), 2), $bm_sub(Math.sqrt($bm_sub(1, $bm_mul(t, t))), 1)), b);\n    return $bm_sum($bm_mul($bm_div(c, 2), $bm_sum(Math.sqrt($bm_sub(1, $bm_mul(t -= 2, t))), 1)), b);\n}\nfunction circOut(t, b, c, d) {\n    return $bm_sum($bm_mul(c, Math.sqrt($bm_sub(1, $bm_mul(t = t / d - 1, t)))), b);\n}\nfunction elasticIn(t, b, c, d) {\n    if (t == 0)\n        return b;\n    if ((t /= d) == 1)\n        return $bm_sum(b, c);\n    if (!p)\n        p = $bm_mul(d, 0.3);\n    if (!a || a < Math.abs(c)) {\n        a = c;\n        s = $bm_div(p, 4);\n    } else\n        s = $bm_mul($bm_div(p, $bm_mul(2, Math.PI)), Math.asin($bm_div(c, a)));\n    return $bm_sum($bm_neg($bm_mul($bm_mul(a, Math.pow(2, $bm_mul(10, t -= 1))), Math.sin($bm_div($bm_mul($bm_sub($bm_mul(t, d), s), $bm_mul(2, Math.PI)), p)))), b);\n}\nfunction elasticInOut(t, b, c, d) {\n    if (t == 0)\n        return b;\n    if ((t /= d / 2) == 2)\n        return $bm_sum(b, c);\n    if (!p)\n        p = $bm_mul(d, 0.3 * 1.5);\n    if (!a || a < Math.abs(c)) {\n        a = c;\n        s = $bm_div(p, 4);\n    } else\n        s = $bm_mul($bm_div(p, $bm_mul(2, Math.PI)), Math.asin($bm_div(c, a)));\n    if (t < 1)\n        return $bm_sum($bm_mul(-0.5, $bm_mul($bm_mul(a, Math.pow(2, $bm_mul(10, t -= 1))), Math.sin($bm_div($bm_mul($bm_sub($bm_mul(t, d), s), $bm_mul(2, Math.PI)), p)))), b);\n    return $bm_sum($bm_sum($bm_mul($bm_mul($bm_mul(a, Math.pow(2, $bm_mul(-10, t -= 1))), Math.sin($bm_div($bm_mul($bm_sub($bm_mul(t, d), s), $bm_mul(2, Math.PI)), p))), 0.5), c), b);\n}\nfunction elasticOut(t, b, c, d) {\n    if (t == 0)\n        return b;\n    if ((t /= d) == 1)\n        return $bm_sum(b, c);\n    if (!p)\n        p = $bm_mul(d, 0.3);\n    if (!a || a < Math.abs(c)) {\n        a = c;\n        s = $bm_div(p, 4);\n    } else\n        s = $bm_mul($bm_div(p, $bm_mul(2, Math.PI)), Math.asin($bm_div(c, a)));\n    return $bm_sum($bm_sum($bm_mul($bm_mul(a, Math.pow(2, $bm_mul(-10, t))), Math.sin($bm_div($bm_mul($bm_sub($bm_mul(t, d), s), $bm_mul(2, Math.PI)), p))), c), b);\n}\nfunction expoIn(t, b, c, d) {\n    return t == 0 ? b : c * (Math.pow(2, 10 * (t / d - 1)) - IN_EXPO_CORRECTION) + b;\n}\nfunction expoInOut(t, b, c, d) {\n    var v;\n    if ((t /= d / 2) < 1) {\n        v = $bm_sub(Math.pow(2, $bm_mul(10, $bm_sub(t, 1))), IN_EXPO_CORRECTION);\n    } else {\n        v = $bm_sum($bm_sum($bm_neg(Math.pow(2, $bm_mul(-10, $bm_sub(t, 1)))), 2), IN_EXPO_CORRECTION);\n    }\n    return $bm_sum(b, $bm_mul($bm_div(v, 2), c));\n}\nfunction expoOut(t, b, c, d) {\n    return t == d ? b + c : c * OUT_EXPO_CORRECTION * (-Math.pow(2, -10 * t / d) + 1) + b;\n}\nfunction quadIn(t, b, c, d) {\n    return $bm_sum($bm_mul($bm_mul(c, t /= d), t), b);\n}\nfunction quadInOut(t, b, c, d) {\n    if ((t /= d / 2) < 1)\n        return $bm_sum($bm_mul($bm_mul($bm_div(c, 2), t), t), b);\n    return $bm_sum($bm_mul($bm_div($bm_neg(c), 2), $bm_sub($bm_mul(--t, $bm_sub(t, 2)), 1)), b);\n}\nfunction quadOut(t, b, c, d) {\n    return $bm_sum($bm_mul($bm_mul($bm_neg(c), t /= d), $bm_sub(t, 2)), b);\n}\nfunction quartIn(t, b, c, d) {\n    return $bm_sum($bm_mul($bm_mul($bm_mul($bm_mul(c, t /= d), t), t), t), b);\n}\nfunction quartInOut(t, b, c, d) {\n    if ((t /= d / 2) < 1)\n        return $bm_sum($bm_mul($bm_mul($bm_mul($bm_mul($bm_div(c, 2), t), t), t), t), b);\n    return $bm_sum($bm_mul($bm_div($bm_neg(c), 2), $bm_sub($bm_mul($bm_mul($bm_mul(t -= 2, t), t), t), 2)), b);\n}\nfunction quartOut(t, b, c, d) {\n    return $bm_sum($bm_mul($bm_neg(c), $bm_sub($bm_mul($bm_mul($bm_mul(t = t / d - 1, t), t), t), 1)), b);\n}\nfunction quintIn(t, b, c, d) {\n    return $bm_sum($bm_mul($bm_mul($bm_mul($bm_mul($bm_mul(c, t /= d), t), t), t), t), b);\n}\nfunction quintInOut(t, b, c, d) {\n    if ((t /= d / 2) < 1)\n        return $bm_sum($bm_mul($bm_mul($bm_mul($bm_mul($bm_mul($bm_div(c, 2), t), t), t), t), t), b);\n    return $bm_sum($bm_mul($bm_div(c, 2), $bm_sum($bm_mul($bm_mul($bm_mul($bm_mul(t -= 2, t), t), t), t), 2)), b);\n}\nfunction quintOut(t, b, c, d) {\n    return $bm_sum($bm_mul(c, $bm_sum($bm_mul($bm_mul($bm_mul($bm_mul(t = t / d - 1, t), t), t), t), 1)), b);\n}\nfunction sineIn(t, b, c, d) {\n    return $bm_sum($bm_sum($bm_mul($bm_neg(c), Math.cos($bm_mul($bm_div(t, d), $bm_div(Math.PI, 2)))), c), b);\n}\nfunction sineInOut(t, b, c, d) {\n    return $bm_sum($bm_mul($bm_div($bm_neg(c), 2), $bm_sub(Math.cos($bm_div($bm_mul(Math.PI, t), d)), 1)), b);\n}\nfunction sineOut(t, b, c, d) {\n    return $bm_sum($bm_mul(c, Math.sin($bm_mul($bm_div(t, d), $bm_div(Math.PI, 2)))), b);\n}\n$bm_rt = doIt() || value;"}},"ao":0,"shapes":[{"ty":"gr","it":[{"ind":0,"ty":"sh","ix":1,"ks":{"a":0,"k":{"i":[[4.199,0],[0,0],[0,0],[0,0],[0,-4.1],[-4.1,0],[0,0],[0,0],[0,0],[0,4.1]],"o":[[0,0],[0,0],[0,0],[-4.1,0],[0,4.1],[0,0],[0,0],[0,0],[4.099,0],[-0.1,-4.1]],"v":[[195.1,-7.5],[-12.6,-7.5],[-18.7,-7.5],[-195.2,-7.5],[-202.7,0],[-195.2,7.5],[-18.7,7.5],[-12.6,7.5],[195.2,7.5],[202.7,0]],"c":true},"ix":2},"nm":"Tracé 1","mn":"ADBE Vector Shape - Group","hd":false},{"ty":"fl","c":{"a":0,"k":[0.8392156862745098,0.8392156862745098,0.8392156862745098,1],"ix":4},"o":{"a":0,"k":100,"ix":5},"r":1,"bm":0,"nm":"Fond 1","mn":"ADBE Vector Graphic - Fill","hd":false},{"ty":"tr","p":{"a":0,"k":[202.95,7.75],"ix":2},"a":{"a":0,"k":[0,0],"ix":1},"s":{"a":0,"k":[100,100],"ix":3},"r":{"a":0,"k":0,"ix":6},"o":{"a":0,"k":100,"ix":7},"sk":{"a":0,"k":0,"ix":4},"sa":{"a":0,"k":0,"ix":5},"nm":"Transformer "}],"nm":"Groupe 1","np":2,"cix":2,"bm":0,"ix":1,"mn":"ADBE Vector Group","hd":false}],"ip":0,"op":260,"st":0,"bm":0},{"ddd":0,"ind":8,"ty":4,"nm":"Calque 1 Silhouettes","sr":1,"ks":{"o":{"a":0,"k":100,"ix":11},"r":{"a":0,"k":0,"ix":10},"p":{"a":0,"k":[256,256.2,0],"ix":2},"a":{"a":0,"k":[256.25,217.451,0],"ix":1},"s":{"a":0,"k":[100,100,100],"ix":6}},"ao":0,"shapes":[{"ty":"gr","it":[{"ind":0,"ty":"sh","ix":1,"ks":{"a":0,"k":{"i":[[0,0],[0,0],[0,0],[0,0]],"o":[[0,0],[0,0],[0,0],[0,0]],"v":[[210.4,122.85],[-210.4,122.85],[-210.4,-122.85],[210.4,-122.85]],"c":true},"ix":2},"nm":"Tracé 1","mn":"ADBE Vector Shape - Group","hd":false},{"ind":1,"ty":"sh","ix":2,"ks":{"a":0,"k":{"i":[[6.9,0],[0,0],[0,-6.9],[0,0],[-6.9,0],[0,0],[0,6.9],[0,0]],"o":[[0,0],[-6.9,0],[0,0],[0,6.9],[0,0],[6.9,0],[0,0],[0,-6.9]],"v":[[212.9,-137.85],[-212.9,-137.85],[-225.4,-125.35],[-225.4,125.35],[-212.9,137.85],[212.9,137.85],[225.4,125.35],[225.4,-125.35]],"c":true},"ix":2},"nm":"Tracé 2","mn":"ADBE Vector Shape - Group","hd":false},{"ty":"mm","mm":1,"nm":"Fusionner les tracés 1","mn":"ADBE Vector Filter - Merge","hd":false},{"ty":"fl","c":{"a":0,"k":[0.8392156862745098,0.8392156862745098,0.8392156862745098,1],"ix":4},"o":{"a":0,"k":100,"ix":5},"r":1,"bm":0,"nm":"Fond 1","mn":"ADBE Vector Graphic - Fill","hd":false},{"ty":"tr","p":{"a":0,"k":[256.25,171.9],"ix":2},"a":{"a":0,"k":[0,0],"ix":1},"s":{"a":0,"k":[100,100],"ix":3},"r":{"a":0,"k":0,"ix":6},"o":{"a":0,"k":100,"ix":7},"sk":{"a":0,"k":0,"ix":4},"sa":{"a":0,"k":0,"ix":5},"nm":"Transformer "}],"nm":"Groupe 1","np":4,"cix":2,"bm":0,"ix":1,"mn":"ADBE Vector Group","hd":false},{"ty":"gr","it":[{"ind":0,"ty":"sh","ix":1,"ks":{"a":0,"k":{"i":[[0,0],[4.1,0],[0,0],[0,-4.1],[-4.1,0],[0,0],[0,0],[0,0],[0,0],[0,0],[0,4.101],[4.1,0],[0,0],[0,4.101],[0,0],[-4.1,0],[0,0],[0,-4.1],[0,0]],"o":[[0,4.101],[0,0],[-4.1,0],[0,4.101],[0,0],[0,0],[0,0],[0,0],[0,0],[4.1,0],[0,-4.1],[0,0],[-4.1,0],[0,0],[0,-4.1],[0,0],[4.1,0],[0,0],[0,0]],"v":[[241,116.599],[233.5,124.099],[-1.5,124.099],[-9,131.599],[-1.5,139.099],[40.3,139.099],[40.3,178.399],[-40.2,178.399],[-40.2,139.099],[-36.4,139.099],[-28.9,131.599],[-36.4,124.099],[-233.4,124.099],[-240.9,116.599],[-240.9,-194.701],[-233.4,-202.201],[233.6,-202.201],[241.1,-194.701],[241.1,116.599]],"c":true},"ix":2},"nm":"Tracé 1","mn":"ADBE Vector Shape - Group","hd":false},{"ind":1,"ty":"sh","ix":2,"ks":{"a":0,"k":{"i":[[0,-2.401],[2.4,0],[0,0],[0,2.399],[-2.4,0],[0,0]],"o":[[0,2.399],[0,0],[-2.4,0],[0,-2.401],[0,0],[2.4,0.1]],"v":[[80.9,197.701],[76.5,202.099],[-76.5,202.099],[-80.9,197.701],[-76.5,193.299],[76.5,193.299]],"c":true},"ix":2},"nm":"Tracé 2","mn":"ADBE Vector Shape - Group","hd":false},{"ind":2,"ty":"sh","ix":3,"ks":{"a":0,"k":{"i":[[12.4,0],[0,0],[0,-12.4],[0,0],[-12.4,0],[0,0],[0,0],[0,0],[0,-10.7],[-10.7,0],[0,0],[0,10.7],[10.7,0],[0,0],[0,0],[0,0],[0,12.4],[0,0]],"o":[[0,0],[-12.4,0],[0,0],[0,12.4],[0,0],[0,0],[0,0],[-10.7,0],[0,10.7],[0,0],[10.7,0],[0,-10.7],[0,0],[0,0],[0,0],[12.4,0],[0,0],[0,-12.4]],"v":[[233.5,-217.201],[-233.5,-217.201],[-256,-194.701],[-256,116.599],[-233.5,139.099],[-55.3,139.099],[-55.3,178.399],[-76.5,178.399],[-95.9,197.799],[-76.5,217.201],[76.5,217.201],[95.9,197.799],[76.5,178.399],[55.3,178.399],[55.3,139.099],[233.5,139.099],[256,116.599],[256,-194.701]],"c":true},"ix":2},"nm":"Tracé 3","mn":"ADBE Vector Shape - Group","hd":false},{"ty":"mm","mm":1,"nm":"Fusionner les tracés 1","mn":"ADBE Vector Filter - Merge","hd":false},{"ty":"fl","c":{"a":0,"k":[0.8392156862745098,0.8392156862745098,0.8392156862745098,1],"ix":4},"o":{"a":0,"k":100,"ix":5},"r":1,"bm":0,"nm":"Fond 1","mn":"ADBE Vector Graphic - Fill","hd":false},{"ty":"tr","p":{"a":0,"k":[256.25,217.451],"ix":2},"a":{"a":0,"k":[0,0],"ix":1},"s":{"a":0,"k":[100,100],"ix":3},"r":{"a":0,"k":0,"ix":6},"o":{"a":0,"k":100,"ix":7},"sk":{"a":0,"k":0,"ix":4},"sa":{"a":0,"k":0,"ix":5},"nm":"Transformer "}],"nm":"Groupe 2","np":5,"cix":2,"bm":0,"ix":2,"mn":"ADBE Vector Group","hd":false}],"ip":0,"op":260,"st":0,"bm":0}]}],"layers":[{"ddd":0,"ind":1,"ty":0,"nm":"animation","refId":"comp_0","sr":1,"ks":{"o":{"a":0,"k":100,"ix":11},"r":{"a":0,"k":0,"ix":10},"p":{"a":0,"k":[128,128,0],"ix":2},"a":{"a":0,"k":[256,256,0],"ix":1},"s":{"a":0,"k":[48.438,48.438,100],"ix":6}},"ao":0,"w":512,"h":512,"ip":0,"op":260,"st":0,"bm":0}],"markers":[]}