{"v":"5.5.4","fr":60,"ip":0,"op":120,"w":800,"h":200,"nm":"Comp 1","ddd":0,"assets":[],"fonts":{"list":[{"fName":"Helvetica-CondensedBold","fFamily":"Helvetica-Condensed","fStyle":"Bold","ascent":75}]},"layers":[{"ddd":0,"ind":1,"ty":4,"nm":"Shape Layer 3","sr":1,"ks":{"o":{"a":1,"k":[{"i":{"x":[0.833],"y":[0.833]},"o":{"x":[0.167],"y":[0.167]},"t":20,"s":[0]},{"i":{"x":[0.833],"y":[0.833]},"o":{"x":[0.167],"y":[0.167]},"t":30,"s":[100]},{"i":{"x":[0.833],"y":[0.833]},"o":{"x":[0.167],"y":[0.167]},"t":109,"s":[100]},{"t":119,"s":[0]}],"ix":11},"r":{"a":0,"k":0,"ix":10},"p":{"a":1,"k":[{"i":{"x":0.833,"y":0.833},"o":{"x":0.167,"y":0.167},"t":20,"s":[410,4.5,0],"to":[0,5.833,0],"ti":[0,-11.5,0]},{"i":{"x":0.833,"y":0.833},"o":{"x":0.167,"y":0.167},"t":30,"s":[410,39.5,0],"to":[0,11.5,0],"ti":[0,-9,0]},{"i":{"x":0.833,"y":0.833},"o":{"x":0.167,"y":0.167},"t":109,"s":[410,73.5,0],"to":[0,9,0],"ti":[0,-3.333,0]},{"t":119,"s":[410,93.5,0]}],"ix":2},"a":{"a":0,"k":[0,0,0],"ix":1},"s":{"a":0,"k":[100,100,100],"ix":6}},"ao":0,"shapes":[{"ty":"gr","it":[{"ind":0,"ty":"sh","ix":1,"ks":{"a":0,"k":{"i":[[0,0],[0,0],[0,0]],"o":[[0,0],[0,0],[0,0]],"v":[[256.5,-5],[294,34],[331.492,-5]],"c":false},"ix":2},"nm":"Path 1","mn":"ADBE Vector Shape - Group","hd":false},{"ty":"st","c":{"a":0,"k":[1,1,1,1],"ix":3},"o":{"a":0,"k":100,"ix":4},"w":{"a":0,"k":15,"ix":5},"lc":1,"lj":1,"ml":4,"bm":0,"nm":"Stroke 1","mn":"ADBE Vector Graphic - Stroke","hd":false},{"ty":"tr","p":{"a":0,"k":[0,0],"ix":2},"a":{"a":0,"k":[0,0],"ix":1},"s":{"a":0,"k":[100,100],"ix":3},"r":{"a":0,"k":0,"ix":6},"o":{"a":0,"k":100,"ix":7},"sk":{"a":0,"k":0,"ix":4},"sa":{"a":0,"k":0,"ix":5},"nm":"Transform"}],"nm":"Shape 1","np":2,"cix":2,"bm":0,"ix":1,"mn":"ADBE Vector Group","hd":false}],"ip":20,"op":120,"st":30,"bm":0},{"ddd":0,"ind":2,"ty":4,"nm":"Shape Layer 2","sr":1,"ks":{"o":{"a":1,"k":[{"i":{"x":[0.833],"y":[0.833]},"o":{"x":[0.167],"y":[0.167]},"t":10,"s":[0]},{"i":{"x":[0.833],"y":[0.833]},"o":{"x":[0.167],"y":[0.167]},"t":20,"s":[100]},{"i":{"x":[0.833],"y":[0.833]},"o":{"x":[0.167],"y":[0.167]},"t":99,"s":[100]},{"t":109,"s":[0]}],"ix":11},"r":{"a":0,"k":0,"ix":10},"p":{"a":1,"k":[{"i":{"x":0.833,"y":0.833},"o":{"x":0.167,"y":0.167},"t":10,"s":[410,38.5,0],"to":[0,5.833,0],"ti":[0,-11.5,0]},{"i":{"x":0.833,"y":0.833},"o":{"x":0.167,"y":0.167},"t":20,"s":[410,73.5,0],"to":[0,11.5,0],"ti":[0,-9,0]},{"i":{"x":0.833,"y":0.833},"o":{"x":0.167,"y":0.167},"t":99,"s":[410,107.5,0],"to":[0,9,0],"ti":[0,-3.333,0]},{"t":109,"s":[410,127.5,0]}],"ix":2},"a":{"a":0,"k":[0,0,0],"ix":1},"s":{"a":0,"k":[100,100,100],"ix":6}},"ao":0,"shapes":[{"ty":"gr","it":[{"ind":0,"ty":"sh","ix":1,"ks":{"a":0,"k":{"i":[[0,0],[0,0],[0,0]],"o":[[0,0],[0,0],[0,0]],"v":[[256.5,-5],[294,34],[331.492,-5]],"c":false},"ix":2},"nm":"Path 1","mn":"ADBE Vector Shape - Group","hd":false},{"ty":"st","c":{"a":0,"k":[1,1,1,1],"ix":3},"o":{"a":0,"k":100,"ix":4},"w":{"a":0,"k":15,"ix":5},"lc":1,"lj":1,"ml":4,"bm":0,"nm":"Stroke 1","mn":"ADBE Vector Graphic - Stroke","hd":false},{"ty":"tr","p":{"a":0,"k":[0,0],"ix":2},"a":{"a":0,"k":[0,0],"ix":1},"s":{"a":0,"k":[100,100],"ix":3},"r":{"a":0,"k":0,"ix":6},"o":{"a":0,"k":100,"ix":7},"sk":{"a":0,"k":0,"ix":4},"sa":{"a":0,"k":0,"ix":5},"nm":"Transform"}],"nm":"Shape 1","np":2,"cix":2,"bm":0,"ix":1,"mn":"ADBE Vector Group","hd":false}],"ip":10,"op":110,"st":20,"bm":0},{"ddd":0,"ind":3,"ty":5,"nm":"DOWNLOAD","sr":1,"ks":{"o":{"a":0,"k":100,"ix":11},"r":{"a":0,"k":0,"ix":10},"p":{"a":0,"k":[47.455,143.91,0],"ix":2},"a":{"a":0,"k":[21.517,2.813,0],"ix":1},"s":{"a":0,"k":[29.603,29.603,100],"ix":6}},"ao":0,"t":{"d":{"k":[{"s":{"s":400,"f":"Helvetica-CondensedBold","t":"DOWNLOAD","j":0,"tr":0,"lh":480,"ls":0,"fc":[1,1,1]},"t":0}]},"p":{},"m":{"g":1,"a":{"a":0,"k":[0,0],"ix":2}},"a":[]},"ip":0,"op":120,"st":0,"bm":0},{"ddd":0,"ind":4,"ty":4,"nm":"Shape Layer 1","sr":1,"ks":{"o":{"a":0,"k":100,"ix":11},"r":{"a":0,"k":0,"ix":10},"p":{"a":0,"k":[-0.012,-0.025,0],"ix":2},"a":{"a":0,"k":[-397.068,-85.653,0],"ix":1},"s":{"a":0,"k":[101.76,114.088,100],"ix":6}},"ao":0,"shapes":[{"ty":"gr","it":[{"ty":"rc","d":1,"s":{"a":0,"k":[744,148],"ix":2},"p":{"a":0,"k":[0,0],"ix":3},"r":{"a":0,"k":0,"ix":4},"nm":"Rectangle Path 1","mn":"ADBE Vector Shape - Rect","hd":false},{"ty":"fl","c":{"a":0,"k":[0.484439879656,0.831372559071,0.391234129667,1],"ix":4},"o":{"a":0,"k":100,"ix":5},"r":1,"bm":0,"nm":"Fill 1","mn":"ADBE Vector Graphic - Fill","hd":false},{"ty":"tr","p":{"a":0,"k":[-4,2],"ix":2},"a":{"a":0,"k":[0,0],"ix":1},"s":{"a":0,"k":[105.66,118.421],"ix":3},"r":{"a":0,"k":0,"ix":6},"o":{"a":0,"k":100,"ix":7},"sk":{"a":0,"k":0,"ix":4},"sa":{"a":0,"k":0,"ix":5},"nm":"Transform"}],"nm":"Rectangle 1","np":2,"cix":2,"bm":0,"ix":1,"mn":"ADBE Vector Group","hd":false},{"ty":"gf","o":{"a":0,"k":100,"ix":10},"r":1,"bm":0,"g":{"p":2,"k":{"a":0,"k":[0,1,1,1,1,0,0,0],"ix":9}},"s":{"a":0,"k":[0,0],"ix":5},"e":{"a":0,"k":[100,0],"ix":6},"t":1,"nm":"Gradient Fill 1","mn":"ADBE Vector Graphic - G-Fill","hd":false}],"ip":0,"op":120,"st":0,"bm":0}],"markers":[],"chars":[{"ch":"D","size":400,"style":"Bold","w":61.1,"data":{"shapes":[{"ty":"gr","it":[{"ind":0,"ty":"sh","ix":1,"ks":{"a":0,"k":{"i":[[0,0],[-1.767,0.934],[-0.867,2.067],[-0.234,3.367],[0,6.134],[1.366,3.634],[4.066,0],[0,0],[0,0]],"o":[[3.133,0],[1.766,-0.933],[0.866,-2.066],[0.233,-3.366],[0,-9.2],[-1.367,-3.633],[0,0],[0,0],[0,0]],"v":[[27.3,-11],[34.65,-12.4],[38.6,-16.9],[40.25,-25.05],[40.6,-39.3],[38.55,-58.55],[30.4,-64],[21.2,-64],[21.2,-11]],"c":true},"ix":2},"nm":"D","mn":"ADBE Vector Shape - Group","hd":false},{"ind":1,"ty":"sh","ix":2,"ks":{"a":0,"k":{"i":[[0,0],[0,0],[0,0],[-1.2,-0.233],[-1.2,-0.6],[-1.934,-3.133],[-0.6,-4.1],[0,-6.6],[0.166,-3.4],[0.7,-3.433],[1.6,-2.733],[2.733,-1.6],[1.666,-0.266],[2.2,0]],"o":[[0,0],[0,0],[1,0],[1.2,0.234],[3.133,1.467],[1.533,2.467],[0.6,4.1],[0,5],[-0.167,3.4],[-0.7,3.434],[-1.6,2.734],[-1.4,0.8],[-1.667,0.267],[0,0]],"v":[[7.2,0],[7.2,-75],[36.4,-75],[39.7,-74.65],[43.3,-73.4],[50.9,-66.5],[54.1,-56.65],[55,-40.6],[54.75,-28],[53.45,-17.75],[50,-8.5],[43.5,-2],[38.9,-0.4],[33.1,0]],"c":true},"ix":2},"nm":"D","mn":"ADBE Vector Shape - Group","hd":false}],"nm":"D","np":5,"cix":2,"bm":0,"ix":1,"mn":"ADBE Vector Group","hd":false}]},"fFamily":"Helvetica-Condensed"},{"ch":"O","size":400,"style":"Bold","w":61.1,"data":{"shapes":[{"ty":"gr","it":[{"ind":0,"ty":"sh","ix":1,"ks":{"a":0,"k":{"i":[[0,0],[-0.534,3.7],[-1.567,2.9],[-3.267,1.6],[-5.4,0],[-3.267,-1.6],[-1.567,-2.9],[-0.534,-3.7],[-0.2,-5.8],[0,0],[0.466,-3.9],[1.6,-3],[3.333,-1.666],[5.533,0],[3.333,1.666],[1.6,3],[0.466,3.9],[0,5.934]],"o":[[0.2,-5.8],[0.533,-3.7],[1.566,-2.9],[3.266,-1.6],[5.4,0],[3.266,1.6],[1.566,2.9],[0.533,3.7],[0,0],[0,5.934],[-0.467,3.9],[-1.6,3],[-3.334,1.666],[-5.534,0],[-3.334,-1.666],[-1.6,-3],[-0.467,-3.9],[0,0]],"v":[[6.1,-43.5],[7.2,-57.75],[10.35,-67.65],[17.6,-74.4],[30.6,-76.8],[43.6,-74.4],[50.85,-67.65],[54,-57.75],[55.1,-43.5],[55.1,-32.8],[54.4,-18.05],[51.3,-7.7],[43.9,-0.7],[30.6,1.8],[17.3,-0.7],[9.9,-7.7],[6.8,-18.05],[6.1,-32.8]],"c":true},"ix":2},"nm":"O","mn":"ADBE Vector Shape - Group","hd":false},{"ind":1,"ty":"sh","ix":2,"ks":{"a":0,"k":{"i":[[0,0],[-0.2,-1.733],[-0.667,-1.633],[-1.367,-1.033],[-2.267,0],[-1.434,1.067],[-0.6,1.7],[-0.167,1.8],[0,2.534],[0,0],[0.166,2],[0.633,1.9],[1.4,1.234],[2.333,0],[1.366,-1.033],[0.666,-1.766],[0.2,-2.1],[0,-2.8]],"o":[[0,2.067],[0.2,1.734],[0.666,1.634],[1.366,1.034],[2.333,0],[1.433,-1.066],[0.6,-1.7],[0.166,-1.8],[0,0],[0,-2.6],[-0.167,-2],[-0.634,-1.9],[-1.4,-1.233],[-2.267,0],[-1.367,1.034],[-0.667,1.767],[-0.2,2.1],[0,0]],"v":[[20.5,-25.8],[20.8,-20.1],[22.1,-15.05],[25.15,-11.05],[30.6,-9.5],[36.25,-11.1],[39.3,-15.25],[40.45,-20.5],[40.7,-27],[40.7,-46.2],[40.45,-53.1],[39.25,-58.95],[36.2,-63.65],[30.6,-65.5],[25.15,-63.95],[22.1,-59.75],[20.8,-53.95],[20.5,-46.6]],"c":true},"ix":2},"nm":"O","mn":"ADBE Vector Shape - Group","hd":false}],"nm":"O","np":5,"cix":2,"bm":0,"ix":1,"mn":"ADBE Vector Group","hd":false}]},"fFamily":"Helvetica-Condensed"},{"ch":"W","size":400,"style":"Bold","w":83.3,"data":{"shapes":[{"ty":"gr","it":[{"ind":0,"ty":"sh","ix":1,"ks":{"a":0,"k":{"i":[[0,0],[-0.367,-3.066],[-0.4,-4.4],[-0.134,-1.333],[0,0],[-0.134,1.467],[0,0.267],[-0.8,5.134],[0,0],[0,0],[0,0],[0,0],[0,0],[0.733,7.134],[0.2,1.334],[0,0],[0.4,-3.933],[0.666,-3.533],[0,0],[0,0],[0,0],[0,0],[0,0],[-0.6,-7.666],[-0.134,-2.4],[0,0],[-0.334,3.667],[-0.667,3.467],[0,0],[0,0]],"o":[[0.466,2.467],[0.366,3.067],[0.333,3.467],[0,0],[0.066,-0.333],[0.133,-1.533],[0.6,-7.666],[0,0],[0,0],[0,0],[0,0],[0,0],[-0.667,-3.533],[-0.4,-3.933],[0,0],[-0.2,1.334],[-0.734,7.134],[0,0],[0,0],[0,0],[0,0],[0,0],[0.8,5.134],[0.133,1.2],[0,0],[0.266,-2.133],[0.866,-8.533],[0,0],[0,0],[0,0]],"v":[[55,-36.2],[56.25,-27.9],[57.4,-16.7],[58.1,-9.5],[58.3,-9.5],[58.6,-12.2],[58.8,-14.9],[60.9,-34.1],[66.5,-75],[81,-75],[67.1,0],[50.3,0],[44.7,-29.6],[42.6,-45.6],[41.7,-53.5],[41.5,-53.5],[40.6,-45.6],[38.5,-29.6],[33.5,0],[16.7,0],[2.4,-75],[16.9,-75],[23.2,-34.1],[25.3,-14.9],[25.7,-9.5],[25.9,-9.5],[26.8,-18.2],[29.1,-36.2],[35.9,-75],[47.5,-75]],"c":true},"ix":2},"nm":"W","mn":"ADBE Vector Shape - Group","hd":false}],"nm":"W","np":3,"cix":2,"bm":0,"ix":1,"mn":"ADBE Vector Group","hd":false}]},"fFamily":"Helvetica-Condensed"},{"ch":"N","size":400,"style":"Bold","w":61.1,"data":{"shapes":[{"ty":"gr","it":[{"ind":0,"ty":"sh","ix":1,"ks":{"a":0,"k":{"i":[[0,0],[0,0],[0,0],[0,0],[0,0],[1.566,4.7],[1.733,6.134],[0,0],[-0.234,-3.233],[-0.2,-3.333],[-0.1,-3.5],[0,-2.666],[0,0],[0,0],[0,0],[0,0],[0,0],[-1.567,-4.7],[-1.667,-6],[0,0],[0.333,6.134],[0,5.667]],"o":[[0,0],[0,0],[0,0],[0,0],[-1.8,-4.333],[-1.567,-4.7],[0,0],[0.333,4.467],[0.233,3.234],[0.266,4.334],[0.1,3.5],[0,0],[0,0],[0,0],[0,0],[0,0],[1.866,4.467],[1.566,4.7],[0,0],[-0.6,-8.066],[-0.467,-8.4],[0,0]],"v":[[40.3,-75],[54.3,-75],[54.3,0],[39.7,0],[28.8,-26.7],[23.75,-40.25],[18.8,-56.5],[18.6,-56.5],[19.45,-44.95],[20.1,-35.1],[20.65,-23.35],[20.8,-14.1],[20.8,0],[6.8,0],[6.8,-75],[21.3,-75],[32.2,-47.7],[37.35,-33.95],[42.2,-17.9],[42.4,-17.9],[41,-39.2],[40.3,-60.3]],"c":true},"ix":2},"nm":"N","mn":"ADBE Vector Shape - Group","hd":false}],"nm":"N","np":3,"cix":2,"bm":0,"ix":1,"mn":"ADBE Vector Group","hd":false}]},"fFamily":"Helvetica-Condensed"},{"ch":"L","size":400,"style":"Bold","w":50,"data":{"shapes":[{"ty":"gr","it":[{"ind":0,"ty":"sh","ix":1,"ks":{"a":0,"k":{"i":[[0,0],[0,0],[0,0],[0,0],[0,0],[0,0]],"o":[[0,0],[0,0],[0,0],[0,0],[0,0],[0,0]],"v":[[6.8,0],[6.8,-75],[20.8,-75],[20.8,-11],[46.8,-11],[46.8,0]],"c":true},"ix":2},"nm":"L","mn":"ADBE Vector Shape - Group","hd":false}],"nm":"L","np":3,"cix":2,"bm":0,"ix":1,"mn":"ADBE Vector Group","hd":false}]},"fFamily":"Helvetica-Condensed"},{"ch":"A","size":400,"style":"Bold","w":55.6,"data":{"shapes":[{"ty":"gr","it":[{"ind":0,"ty":"sh","ix":1,"ks":{"a":0,"k":{"i":[[0,0],[0,0],[0,0],[0,0],[0,0],[0,0],[0,0],[0,0]],"o":[[0,0],[0,0],[0,0],[0,0],[0,0],[0,0],[0,0],[0,0]],"v":[[0.9,0],[18.8,-75],[37.7,-75],[54.7,0],[39.7,0],[36,-19],[19.6,-19],[15.9,0]],"c":true},"ix":2},"nm":"A","mn":"ADBE Vector Shape - Group","hd":false},{"ind":1,"ty":"sh","ix":2,"ks":{"a":0,"k":{"i":[[0,0],[0,0],[0,0],[0.4,3.8],[0,0],[0.266,2.067],[0,0],[0.066,-1.266],[0,0],[0.4,-1.866]],"o":[[0,0],[0,0],[-0.4,-1.866],[0,0],[-0.067,-1.266],[0,0],[-0.267,2.067],[0,0],[-0.4,3.8],[0,0]],"v":[[21.8,-30],[33.8,-30],[30,-51.3],[28.8,-59.8],[28.6,-61.7],[28.1,-66.7],[27.9,-66.7],[27.4,-61.7],[27.2,-59.8],[26,-51.3]],"c":true},"ix":2},"nm":"A","mn":"ADBE Vector Shape - Group","hd":false}],"nm":"A","np":5,"cix":2,"bm":0,"ix":1,"mn":"ADBE Vector Group","hd":false}]},"fFamily":"Helvetica-Condensed"}]}