{"v":"5.5.6","fr":30,"ip":0,"op":56,"w":512,"h":512,"nm":"Comp 1","ddd":0,"assets":[{"id":"comp_0","layers":[{"ddd":0,"ind":1,"ty":5,"nm":"D","sr":1,"ks":{"o":{"a":1,"k":[{"i":{"x":[0.833],"y":[0.833]},"o":{"x":[0.167],"y":[0.167]},"t":29,"s":[0]},{"t":34,"s":[100]}],"ix":11},"r":{"a":0,"k":0,"ix":10},"p":{"a":0,"k":[928,1060,0],"ix":2},"a":{"a":0,"k":[0,0,0],"ix":1},"s":{"a":0,"k":[264,264,100],"ix":6}},"ao":0,"t":{"d":{"k":[{"s":{"s":56,"f":"Poppins-Medium","t":"D","j":2,"tr":0,"lh":67.2,"ls":0,"fc":[1,1,1]},"t":0}]},"p":{},"m":{"g":1,"a":{"a":0,"k":[0,0],"ix":2}},"a":[]},"ip":0,"op":240,"st":0,"bm":0},{"ddd":0,"ind":2,"ty":5,"nm":"A","sr":1,"ks":{"o":{"a":1,"k":[{"i":{"x":[0.833],"y":[0.833]},"o":{"x":[0.167],"y":[0.167]},"t":29,"s":[0]},{"t":34,"s":[100]}],"ix":11},"r":{"a":0,"k":0,"ix":10},"p":{"a":0,"k":[614,1060,0],"ix":2},"a":{"a":0,"k":[0,0,0],"ix":1},"s":{"a":0,"k":[264,264,100],"ix":6}},"ao":0,"t":{"d":{"k":[{"s":{"s":56,"f":"Poppins-Medium","t":"A","j":2,"tr":0,"lh":67.2,"ls":0,"fc":[1,1,1]},"t":0}]},"p":{},"m":{"g":1,"a":{"a":0,"k":[0,0],"ix":2}},"a":[]},"ip":0,"op":240,"st":0,"bm":0},{"ddd":0,"ind":3,"ty":4,"nm":"Shape Layer 1","sr":1,"ks":{"o":{"a":0,"k":100,"ix":11},"r":{"a":0,"k":0,"ix":10},"p":{"a":0,"k":[545.5,825.5,0],"ix":2},"a":{"a":0,"k":[-204.5,75.5,0],"ix":1},"s":{"a":0,"k":[100,100,100],"ix":6}},"ao":0,"shapes":[{"ty":"gr","it":[{"ind":0,"ty":"sh","ix":1,"ks":{"a":1,"k":[{"i":{"x":0.833,"y":0.833},"o":{"x":0.167,"y":0.167},"t":8,"s":[{"i":[[0,0],[0,0],[0.875,-21.875],[-14.062,-1.125],[-18.555,2.71],[0,0]],"o":[[0,0],[0,0],[10.375,4.375],[7.96,0.637],[22.25,-3.25],[0,0]],"v":[[279,360],[-244.5,380.5],[-242.875,491.875],[-217.938,496.625],[251.75,479.25],[280.75,471.5]],"c":true}]},{"i":{"x":0.833,"y":0.833},"o":{"x":0.167,"y":0.167},"t":10,"s":[{"i":[[0,0],[0,0],[-3.377,-25.416],[-14.062,-1.125],[-18.109,4.868],[0,0]],"o":[[0,0],[0,0],[2.375,17.875],[7.96,0.637],[23.25,-6.25],[0,0]],"v":[[233.5,-24.5],[-287,40.5],[-245.875,364.125],[-213.188,390.375],[253.75,329.25],[277.75,302.5]],"c":true}]},{"i":{"x":0.833,"y":0.833},"o":{"x":0.167,"y":0.167},"t":13,"s":[{"i":[[0,0],[0,0],[-3.377,-25.416],[-14.062,-1.125],[-18.742,-0.586],[0,0]],"o":[[0,0],[0,0],[2.375,17.875],[7.96,0.637],[24,0.75],[0,0]],"v":[[201.5,-368.5],[-315,-277.5],[-246.375,121.625],[-212.938,148.625],[242.75,69.25],[273.75,45.5]],"c":true}]},{"i":{"x":0.833,"y":0.833},"o":{"x":0.167,"y":0.167},"t":16,"s":[{"i":[[0,0],[0,0],[0.875,-25.625],[-14.062,-1.125],[-18.742,-0.586],[0,0]],"o":[[0,0],[0,0],[-0.86,25.19],[7.96,0.637],[24,0.75],[0,0]],"v":[[289.5,-408.5],[-237,-417.5],[-243.875,-11.375],[-215.438,21.625],[259.25,30.75],[282.75,-0.5]],"c":true}]},{"i":{"x":0.833,"y":0.833},"o":{"x":0.167,"y":0.167},"t":19,"s":[{"i":[[0,0],[0,0],[4.775,-21.877],[0,0],[-18.743,-0.586],[0,0]],"o":[[0,0],[0,0],[-5.375,24.625],[0,0],[24,0.75],[0,0]],"v":[[401.5,-194.5],[-100,-350.5],[-221.875,42.125],[-210.938,75.125],[243.75,215.75],[278.75,199.5]],"c":true}]},{"i":{"x":0.833,"y":0.833},"o":{"x":0.167,"y":0.167},"t":22,"s":[{"i":[[0,0],[0,0],[2.137,-22.29],[0,0],[-18.742,-0.586],[0,0]],"o":[[0,0],[0,0],[-2.625,27.375],[0,0],[24,0.75],[0,0]],"v":[[361.5,-78.5],[-150,-182.5],[-231.875,218.125],[-210.938,253.125],[252.75,347.75],[282.75,319.5]],"c":true}]},{"i":{"x":0.833,"y":0.833},"o":{"x":0.167,"y":0.167},"t":26,"s":[{"i":[[0,0],[0,0],[-0.875,-22.375],[0,0],[-18.75,0.25],[0,0]],"o":[[0,0],[0,0],[0.875,22.375],[0,0],[18.75,-0.25],[0,0]],"v":[[287.5,16.5],[-235,8.5],[-243.875,424.125],[-222.938,449.125],[257.75,453.75],[282.25,431.75]],"c":true}]},{"i":{"x":0.833,"y":0.833},"o":{"x":0.167,"y":0.167},"t":28,"s":[{"i":[[0,0],[0,0],[-0.875,-22.375],[0,0],[-18.75,0.25],[0,0]],"o":[[0,0],[0,0],[0.875,22.375],[0,0],[18.75,-0.25],[0,0]],"v":[[281.5,13.5],[-245,14.5],[-243.125,431.625],[-220.938,454.125],[257.75,453.75],[282.25,431.75]],"c":true}]},{"t":52,"s":[{"i":[[0,0],[0,0],[-0.875,-22.375],[0,0],[-18.75,0.25],[0,0]],"o":[[0,0],[0,0],[0.875,22.375],[0,0],[18.75,-0.25],[0,0]],"v":[[281.5,13.5],[-245,14.5],[-243.125,431.625],[-220.938,454.125],[257.75,453.75],[282.25,431.75]],"c":true}]}],"ix":2},"nm":"Path 1","mn":"ADBE Vector Shape - Group","hd":false},{"ty":"st","c":{"a":0,"k":[0.254901960784,0.286274509804,0.380392156863,1],"ix":3},"o":{"a":0,"k":100,"ix":4},"w":{"a":0,"k":7,"ix":5},"lc":1,"lj":1,"ml":4,"bm":0,"nm":"Stroke 1","mn":"ADBE Vector Graphic - Stroke","hd":false},{"ty":"fl","c":{"a":0,"k":[0.254901960784,0.286274509804,0.380392156863,1],"ix":4},"o":{"a":0,"k":100,"ix":5},"r":1,"bm":0,"nm":"Fill 1","mn":"ADBE Vector Graphic - Fill","hd":false},{"ty":"tr","p":{"a":0,"k":[0,0],"ix":2},"a":{"a":0,"k":[0,0],"ix":1},"s":{"a":0,"k":[100,100],"ix":3},"r":{"a":0,"k":0,"ix":6},"o":{"a":0,"k":100,"ix":7},"sk":{"a":0,"k":0,"ix":4},"sa":{"a":0,"k":0,"ix":5},"nm":"Transform"}],"nm":"Shape 1","np":3,"cix":2,"bm":0,"ix":1,"mn":"ADBE Vector Group","hd":false}],"ip":7,"op":247,"st":7,"bm":0}]}],"fonts":{"list":[{"fName":"Poppins-Medium","fFamily":"Poppins","fStyle":"Medium","ascent":78.0479004606605}]},"layers":[{"ddd":0,"ind":1,"ty":4,"nm":"Shape Layer 15","sr":1,"ks":{"o":{"a":0,"k":100,"ix":11},"r":{"a":1,"k":[{"i":{"x":[0.833],"y":[0.833]},"o":{"x":[0.167],"y":[0.167]},"t":24,"s":[-143]},{"i":{"x":[0.833],"y":[0.833]},"o":{"x":[0.167],"y":[0.167]},"t":29,"s":[-173]},{"t":37,"s":[-237]}],"ix":10},"p":{"a":1,"k":[{"i":{"x":0.833,"y":0.833},"o":{"x":0.167,"y":0.167},"t":24,"s":[317.20072533333337,301.2631893333334,0],"to":[14.642,11.033,0],"ti":[-25.29,-19.057,0]},{"i":{"x":0.833,"y":0.833},"o":{"x":0.167,"y":0.167},"t":29,"s":[347.18685866666675,323.8594560000001,0],"to":[25.29,19.057,0],"ti":[-10.648,-8.024,0]},{"t":37,"s":[368.9949866666667,340.29294933333335,0]}],"ix":2},"a":{"a":0,"k":[-223,2,0],"ix":1},"s":{"a":1,"k":[{"i":{"x":[0.833,0.833,0.833],"y":[0.833,0.833,0.833]},"o":{"x":[0.167,0.167,0.167],"y":[0.167,0.167,0.167]},"t":24,"s":[34.13333333333334,34.13333333333334,100]},{"i":{"x":[0.833,0.833,0.833],"y":[0.833,0.833,0.833]},"o":{"x":[0.167,0.167,0.167],"y":[0.167,0.167,0.167]},"t":29,"s":[43.34933333333334,43.34933333333334,100]},{"t":37,"s":[55.63733333333334,55.63733333333334,100]}],"ix":6}},"ao":0,"shapes":[{"ty":"gr","it":[{"ind":0,"ty":"sh","ix":1,"ks":{"a":0,"k":{"i":[[0,0],[0,0],[0,0]],"o":[[0,0],[0,0],[0,0]],"v":[[-219.75,-15.75],[-237.875,8.25],[-207.25,13.5]],"c":true},"ix":2},"nm":"Path 1","mn":"ADBE Vector Shape - Group","hd":false},{"ty":"st","c":{"a":0,"k":[0.136970699535,0.990303308824,0.71108787387,1],"ix":3},"o":{"a":0,"k":100,"ix":4},"w":{"a":0,"k":6,"ix":5},"lc":1,"lj":1,"ml":4,"bm":0,"nm":"Stroke 1","mn":"ADBE Vector Graphic - Stroke","hd":false},{"ty":"tr","p":{"a":0,"k":[0,0],"ix":2},"a":{"a":0,"k":[0,0],"ix":1},"s":{"a":0,"k":[100,100],"ix":3},"r":{"a":0,"k":0,"ix":6},"o":{"a":0,"k":100,"ix":7},"sk":{"a":0,"k":0,"ix":4},"sa":{"a":0,"k":0,"ix":5},"nm":"Transform"}],"nm":"Shape 1","np":3,"cix":2,"bm":0,"ix":1,"mn":"ADBE Vector Group","hd":false}],"ip":24,"op":247,"st":7,"bm":0},{"ddd":0,"ind":2,"ty":4,"nm":"Shape Layer 14","sr":1,"ks":{"o":{"a":0,"k":100,"ix":11},"r":{"a":1,"k":[{"i":{"x":[0.833],"y":[0.833]},"o":{"x":[0.167],"y":[0.167]},"t":24,"s":[89]},{"i":{"x":[0.833],"y":[0.833]},"o":{"x":[0.167],"y":[0.167]},"t":29,"s":[59]},{"t":37,"s":[-5]}],"ix":10},"p":{"a":1,"k":[{"i":{"x":0.833,"y":0.833},"o":{"x":0.167,"y":0.167},"t":24,"s":[253.98886400000004,179.90621866666666,0],"to":[-0.32,-18.331,0],"ti":[0.553,31.662,0]},{"i":{"x":0.833,"y":0.833},"o":{"x":0.167,"y":0.167},"t":29,"s":[253.33384533333336,142.3653546666667,0],"to":[-0.553,-31.662,0],"ti":[0.233,13.331,0]},{"t":37,"s":[252.85700266666674,115.06278400000004,0]}],"ix":2},"a":{"a":0,"k":[-223,2,0],"ix":1},"s":{"a":1,"k":[{"i":{"x":[0.833,0.833,0.833],"y":[0.833,0.833,0.833]},"o":{"x":[0.167,0.167,0.167],"y":[0.167,0.167,0.167]},"t":24,"s":[34.13333333333334,34.13333333333334,100]},{"i":{"x":[0.833,0.833,0.833],"y":[0.833,0.833,0.833]},"o":{"x":[0.167,0.167,0.167],"y":[0.167,0.167,0.167]},"t":29,"s":[43.34933333333334,43.34933333333334,100]},{"t":37,"s":[55.63733333333334,55.63733333333334,100]}],"ix":6}},"ao":0,"shapes":[{"ty":"gr","it":[{"ind":0,"ty":"sh","ix":1,"ks":{"a":0,"k":{"i":[[0,0],[0,0],[0,0]],"o":[[0,0],[0,0],[0,0]],"v":[[-219.75,-15.75],[-237.875,8.25],[-207.25,13.5]],"c":true},"ix":2},"nm":"Path 1","mn":"ADBE Vector Shape - Group","hd":false},{"ty":"st","c":{"a":0,"k":[0.136970699535,0.990303308824,0.71108787387,1],"ix":3},"o":{"a":0,"k":100,"ix":4},"w":{"a":0,"k":6,"ix":5},"lc":1,"lj":1,"ml":4,"bm":0,"nm":"Stroke 1","mn":"ADBE Vector Graphic - Stroke","hd":false},{"ty":"tr","p":{"a":0,"k":[0,0],"ix":2},"a":{"a":0,"k":[0,0],"ix":1},"s":{"a":0,"k":[100,100],"ix":3},"r":{"a":0,"k":0,"ix":6},"o":{"a":0,"k":100,"ix":7},"sk":{"a":0,"k":0,"ix":4},"sa":{"a":0,"k":0,"ix":5},"nm":"Transform"}],"nm":"Shape 1","np":3,"cix":2,"bm":0,"ix":1,"mn":"ADBE Vector Group","hd":false}],"ip":24,"op":247,"st":7,"bm":0},{"ddd":0,"ind":3,"ty":4,"nm":"Shape Layer 16","sr":1,"ks":{"o":{"a":0,"k":100,"ix":11},"r":{"a":1,"k":[{"i":{"x":[0.833],"y":[0.833]},"o":{"x":[0.167],"y":[0.167]},"t":24,"s":[-141]},{"i":{"x":[0.833],"y":[0.833]},"o":{"x":[0.167],"y":[0.167]},"t":26,"s":[-114]},{"t":31,"s":[-72]}],"ix":10},"p":{"a":1,"k":[{"i":{"x":0.833,"y":0.833},"o":{"x":0.167,"y":0.167},"t":24,"s":[156.29175466666672,214.78707200000005,0],"to":[-8.364,-2.913,0],"ti":[19.529,7.664,0]},{"i":{"x":0.833,"y":0.833},"o":{"x":0.167,"y":0.167},"t":26,"s":[139.16194133333337,208.82158933333338,0],"to":[-19.529,-7.664,0],"ti":[21.526,13.143,0]},{"i":{"x":0.833,"y":0.833},"o":{"x":0.167,"y":0.167},"t":31,"s":[116.29704533333336,199.09017600000004,0],"to":[-21.526,-13.143,0],"ti":[10.362,8.391,0]},{"t":37,"s":[95.07601066666668,181.90574933333338,0]}],"ix":2},"a":{"a":0,"k":[352.326,-104.651,0],"ix":1},"s":{"a":1,"k":[{"i":{"x":[0.833,0.833,0.833],"y":[0.833,0.833,0.833]},"o":{"x":[0.167,0.167,0.167],"y":[0.167,0.167,0.167]},"t":24,"s":[29.35466666666667,29.35466666666667,100]},{"i":{"x":[0.833,0.833,0.833],"y":[0.833,0.833,0.833]},"o":{"x":[0.167,0.167,0.167],"y":[0.167,0.167,0.167]},"t":26,"s":[31.744000000000007,31.744000000000007,100]},{"t":31,"s":[39.59466666666667,39.59466666666667,100]}],"ix":6}},"ao":0,"shapes":[{"ty":"gr","it":[{"ind":0,"ty":"sh","ix":1,"ks":{"a":0,"k":{"i":[[0,0],[0,0],[0,0],[0,0],[0,0],[0,0]],"o":[[0,0],[0,0],[0,0],[0,0],[0,0],[0,0]],"v":[[366.25,-134.25],[335.75,-131.25],[322.25,-103.25],[339.5,-78.75],[370.5,-82],[383.5,-109]],"c":true},"ix":2},"nm":"Path 1","mn":"ADBE Vector Shape - Group","hd":false},{"ty":"st","c":{"a":0,"k":[0.136970699535,0.483323489918,0.990303308824,1],"ix":3},"o":{"a":0,"k":100,"ix":4},"w":{"a":0,"k":7,"ix":5},"lc":1,"lj":1,"ml":4,"bm":0,"nm":"Stroke 1","mn":"ADBE Vector Graphic - Stroke","hd":false},{"ty":"tr","p":{"a":0,"k":[0,0],"ix":2},"a":{"a":0,"k":[0,0],"ix":1},"s":{"a":0,"k":[100,100],"ix":3},"r":{"a":0,"k":0,"ix":6},"o":{"a":0,"k":100,"ix":7},"sk":{"a":0,"k":0,"ix":4},"sa":{"a":0,"k":0,"ix":5},"nm":"Transform"}],"nm":"Shape 1","np":3,"cix":2,"bm":0,"ix":1,"mn":"ADBE Vector Group","hd":false}],"ip":24,"op":247,"st":7,"bm":0},{"ddd":0,"ind":4,"ty":4,"nm":"Shape Layer 13","sr":1,"ks":{"o":{"a":0,"k":100,"ix":11},"r":{"a":1,"k":[{"i":{"x":[0.833],"y":[0.833]},"o":{"x":[0.167],"y":[0.167]},"t":24,"s":[0]},{"i":{"x":[0.833],"y":[0.833]},"o":{"x":[0.167],"y":[0.167]},"t":26,"s":[27]},{"t":31,"s":[69]}],"ix":10},"p":{"a":1,"k":[{"i":{"x":0.833,"y":0.833},"o":{"x":0.167,"y":0.167},"t":24,"s":[359.42400000000004,225.28000000000003,0],"to":[8.333,-3,0],"ti":[-20,6.333,0]},{"i":{"x":0.833,"y":0.833},"o":{"x":0.167,"y":0.167},"t":26,"s":[376.4906666666667,219.13600000000005,0],"to":[20,-6.333,0],"ti":[-25,3.333,0]},{"i":{"x":0.833,"y":0.833},"o":{"x":0.167,"y":0.167},"t":31,"s":[400.38400000000007,212.30933333333337,0],"to":[25,-3.333,0],"ti":[-13.333,0,0]},{"t":37,"s":[427.69066666666674,212.30933333333337,0]}],"ix":2},"a":{"a":0,"k":[352.326,-104.651,0],"ix":1},"s":{"a":1,"k":[{"i":{"x":[0.833,0.833,0.833],"y":[0.833,0.833,0.833]},"o":{"x":[0.167,0.167,0.167],"y":[0.167,0.167,0.167]},"t":24,"s":[29.35466666666667,29.35466666666667,100]},{"i":{"x":[0.833,0.833,0.833],"y":[0.833,0.833,0.833]},"o":{"x":[0.167,0.167,0.167],"y":[0.167,0.167,0.167]},"t":26,"s":[31.744000000000007,31.744000000000007,100]},{"t":31,"s":[39.59466666666667,39.59466666666667,100]}],"ix":6}},"ao":0,"shapes":[{"ty":"gr","it":[{"ind":0,"ty":"sh","ix":1,"ks":{"a":0,"k":{"i":[[0,0],[0,0],[0,0],[0,0],[0,0],[0,0]],"o":[[0,0],[0,0],[0,0],[0,0],[0,0],[0,0]],"v":[[366.25,-134.25],[335.75,-131.25],[322.25,-103.25],[339.5,-78.75],[370.5,-82],[383.5,-109]],"c":true},"ix":2},"nm":"Path 1","mn":"ADBE Vector Shape - Group","hd":false},{"ty":"st","c":{"a":0,"k":[0.136970699535,0.483323489918,0.990303308824,1],"ix":3},"o":{"a":0,"k":100,"ix":4},"w":{"a":0,"k":7,"ix":5},"lc":1,"lj":1,"ml":4,"bm":0,"nm":"Stroke 1","mn":"ADBE Vector Graphic - Stroke","hd":false},{"ty":"tr","p":{"a":0,"k":[0,0],"ix":2},"a":{"a":0,"k":[0,0],"ix":1},"s":{"a":0,"k":[100,100],"ix":3},"r":{"a":0,"k":0,"ix":6},"o":{"a":0,"k":100,"ix":7},"sk":{"a":0,"k":0,"ix":4},"sa":{"a":0,"k":0,"ix":5},"nm":"Transform"}],"nm":"Shape 1","np":3,"cix":2,"bm":0,"ix":1,"mn":"ADBE Vector Group","hd":false}],"ip":24,"op":247,"st":7,"bm":0},{"ddd":0,"ind":5,"ty":3,"nm":"Null 1","sr":1,"ks":{"o":{"a":0,"k":0,"ix":11},"r":{"a":0,"k":232,"ix":10},"p":{"a":0,"k":[269.6533333333334,235.52000000000007,0],"ix":2},"a":{"a":0,"k":[0,0,0],"ix":1},"s":{"a":0,"k":[34.13333333333334,34.13333333333334,100],"ix":6}},"ao":0,"ip":7,"op":247,"st":7,"bm":0},{"ddd":0,"ind":6,"ty":4,"nm":"Shape Layer 12","parent":5,"sr":1,"ks":{"o":{"a":0,"k":100,"ix":11},"r":{"a":1,"k":[{"i":{"x":[0.833],"y":[0.833]},"o":{"x":[0.167],"y":[0.167]},"t":18,"s":[0]},{"i":{"x":[0.833],"y":[0.833]},"o":{"x":[0.167],"y":[0.167]},"t":19,"s":[40]},{"i":{"x":[0.833],"y":[0.833]},"o":{"x":[0.167],"y":[0.167]},"t":22,"s":[64]},{"i":{"x":[0.833],"y":[0.833]},"o":{"x":[0.167],"y":[0.167]},"t":25,"s":[99]},{"i":{"x":[0.833],"y":[0.833]},"o":{"x":[0.167],"y":[0.167]},"t":29,"s":[132]},{"t":37,"s":[193]}],"ix":10},"p":{"a":1,"k":[{"i":{"x":0.833,"y":0.833},"o":{"x":0.167,"y":0.167},"t":18,"s":[-206,76.125,0],"to":[-10,3.333,0],"ti":[14.333,-5,0]},{"i":{"x":0.833,"y":0.833},"o":{"x":0.167,"y":0.167},"t":19,"s":[-266,96.125,0],"to":[-14.333,5,0],"ti":[9.833,-3.5,0]},{"i":{"x":0.833,"y":0.833},"o":{"x":0.167,"y":0.167},"t":22,"s":[-292,106.125,0],"to":[-9.833,3.5,0],"ti":[8.333,-3.333,0]},{"i":{"x":0.833,"y":0.833},"o":{"x":0.167,"y":0.167},"t":25,"s":[-325,117.125,0],"to":[-8.333,3.333,0],"ti":[8.25,-3.25,0]},{"i":{"x":0.833,"y":0.833},"o":{"x":0.167,"y":0.167},"t":29,"s":[-342,126.125,0],"to":[-8.25,3.25,0],"ti":[5.417,-1.75,0]},{"t":37,"s":[-374.5,136.625,0]}],"ix":2},"a":{"a":0,"k":[-208,71.5,0],"ix":1},"s":{"a":1,"k":[{"i":{"x":[0.833,0.833,0.833],"y":[0.833,0.833,0.833]},"o":{"x":[0.167,0.167,0.167],"y":[0.167,0.167,0.167]},"t":18,"s":[100,100,100]},{"i":{"x":[0.833,0.833,0.833],"y":[0.833,0.833,0.833]},"o":{"x":[0.167,0.167,0.167],"y":[0.167,0.167,0.167]},"t":19,"s":[118,118,100]},{"i":{"x":[0.833,0.833,0.833],"y":[0.833,0.833,0.833]},"o":{"x":[0.167,0.167,0.167],"y":[0.167,0.167,0.167]},"t":22,"s":[128,128,100]},{"t":29,"s":[143,143,100]}],"ix":6}},"ao":0,"shapes":[{"ty":"gr","it":[{"ind":0,"ty":"sh","ix":1,"ks":{"a":0,"k":{"i":[[1.957,-1.673],[0,0],[0,0],[0,0],[-2.25,-2.25],[0,0],[0,0],[-3.375,1.125],[0,0],[-1.375,0.5],[1.875,2.75],[0,0],[0.125,0.75],[4.5,0.125],[0,0],[0,0]],"o":[[-1.249,1.068],[0,0],[0,0],[0,0],[3.25,1],[0,0],[0,0],[3.375,-1.125],[0,0],[1.375,-0.5],[-1.875,-2.75],[0,0],[-0.125,-0.75],[-2.793,1.327],[0,0],[0,0]],"v":[[-216.5,57],[-217.625,61.75],[-216.625,70.75],[-225.125,76],[-225.5,80.625],[-214.625,83.875],[-214.25,94.625],[-210,97.375],[-202.125,87.25],[-189.375,88.5],[-188.625,82.125],[-194.875,74.875],[-189.75,64.75],[-194.5,60.188],[-203.75,64.375],[-210.75,58]],"c":true},"ix":2},"nm":"Path 1","mn":"ADBE Vector Shape - Group","hd":false},{"ty":"fl","c":{"a":0,"k":[1,0.725490196078,0.027450980392,1],"ix":4},"o":{"a":0,"k":100,"ix":5},"r":1,"bm":0,"nm":"Fill 1","mn":"ADBE Vector Graphic - Fill","hd":false},{"ty":"tr","p":{"a":0,"k":[-0.9,-3.458],"ix":2},"a":{"a":0,"k":[0,0],"ix":1},"s":{"a":0,"k":[100,100],"ix":3},"r":{"a":0,"k":0,"ix":6},"o":{"a":0,"k":100,"ix":7},"sk":{"a":0,"k":0,"ix":4},"sa":{"a":0,"k":0,"ix":5},"nm":"Transform"}],"nm":"Shape 1","np":3,"cix":2,"bm":0,"ix":1,"mn":"ADBE Vector Group","hd":false}],"ip":18,"op":67,"st":7,"bm":0},{"ddd":0,"ind":7,"ty":4,"nm":"Shape Layer 8","sr":1,"ks":{"o":{"a":0,"k":100,"ix":11},"r":{"a":1,"k":[{"i":{"x":[0.833],"y":[0.833]},"o":{"x":[0.167],"y":[0.167]},"t":18,"s":[60]},{"i":{"x":[0.833],"y":[0.833]},"o":{"x":[0.167],"y":[0.167]},"t":19,"s":[100]},{"i":{"x":[0.833],"y":[0.833]},"o":{"x":[0.167],"y":[0.167]},"t":22,"s":[124]},{"i":{"x":[0.833],"y":[0.833]},"o":{"x":[0.167],"y":[0.167]},"t":25,"s":[159]},{"i":{"x":[0.833],"y":[0.833]},"o":{"x":[0.167],"y":[0.167]},"t":29,"s":[192]},{"t":37,"s":[253]}],"ix":10},"p":{"a":1,"k":[{"i":{"x":0.833,"y":0.833},"o":{"x":0.167,"y":0.167},"t":18,"s":[198.33992533333335,92.04428800000002,0],"to":[-7.887,-6.994,0],"ti":[11.497,9.913,0]},{"i":{"x":0.833,"y":0.833},"o":{"x":0.167,"y":0.167},"t":19,"s":[182.1876906666667,77.72160000000001,0],"to":[-11.497,-9.913,0],"ti":[7.948,6.766,0]},{"i":{"x":0.833,"y":0.833},"o":{"x":0.167,"y":0.167},"t":22,"s":[174.7944106666667,71.74246400000001,0],"to":[-7.948,-6.766,0],"ti":[7.053,5.55,0]},{"i":{"x":0.833,"y":0.833},"o":{"x":0.167,"y":0.167},"t":25,"s":[165.91086933333335,63.864832000000014,0],"to":[-7.053,-5.55,0],"ti":[6.94,5.52,0]},{"i":{"x":0.833,"y":0.833},"o":{"x":0.167,"y":0.167},"t":29,"s":[160.34918400000004,60.37572266666668,0],"to":[-6.94,-5.52,0],"ti":[4.224,3.816,0]},{"t":37,"s":[151.69843200000003,52.560554666666675,0]}],"ix":2},"a":{"a":0,"k":[-208,71.5,0],"ix":1},"s":{"a":1,"k":[{"i":{"x":[0.833,0.833,0.833],"y":[0.833,0.833,0.833]},"o":{"x":[0.167,0.167,0.167],"y":[0.167,0.167,0.167]},"t":18,"s":[34.13333333333334,34.13333333333334,100]},{"i":{"x":[0.833,0.833,0.833],"y":[0.833,0.833,0.833]},"o":{"x":[0.167,0.167,0.167],"y":[0.167,0.167,0.167]},"t":19,"s":[40.27733333333334,40.27733333333334,100]},{"i":{"x":[0.833,0.833,0.833],"y":[0.833,0.833,0.833]},"o":{"x":[0.167,0.167,0.167],"y":[0.167,0.167,0.167]},"t":22,"s":[43.69066666666668,43.69066666666668,100]},{"t":29,"s":[48.81066666666668,48.81066666666668,100]}],"ix":6}},"ao":0,"shapes":[{"ty":"gr","it":[{"ind":0,"ty":"sh","ix":1,"ks":{"a":0,"k":{"i":[[1.957,-1.673],[0,0],[0,0],[0,0],[-2.25,-2.25],[0,0],[0,0],[-3.375,1.125],[0,0],[-1.375,0.5],[1.875,2.75],[0,0],[0.125,0.75],[4.5,0.125],[0,0],[0,0]],"o":[[-1.249,1.068],[0,0],[0,0],[0,0],[3.25,1],[0,0],[0,0],[3.375,-1.125],[0,0],[1.375,-0.5],[-1.875,-2.75],[0,0],[-0.125,-0.75],[-2.793,1.327],[0,0],[0,0]],"v":[[-216.5,57],[-217.625,61.75],[-216.625,70.75],[-225.125,76],[-225.5,80.625],[-214.625,83.875],[-214.25,94.625],[-210,97.375],[-202.125,87.25],[-189.375,88.5],[-188.625,82.125],[-194.875,74.875],[-189.75,64.75],[-194.5,60.188],[-203.75,64.375],[-210.75,58]],"c":true},"ix":2},"nm":"Path 1","mn":"ADBE Vector Shape - Group","hd":false},{"ty":"fl","c":{"a":0,"k":[1,0.725490196078,0.027450980392,1],"ix":4},"o":{"a":0,"k":100,"ix":5},"r":1,"bm":0,"nm":"Fill 1","mn":"ADBE Vector Graphic - Fill","hd":false},{"ty":"tr","p":{"a":0,"k":[-0.9,-3.458],"ix":2},"a":{"a":0,"k":[0,0],"ix":1},"s":{"a":0,"k":[100,100],"ix":3},"r":{"a":0,"k":0,"ix":6},"o":{"a":0,"k":100,"ix":7},"sk":{"a":0,"k":0,"ix":4},"sa":{"a":0,"k":0,"ix":5},"nm":"Transform"}],"nm":"Shape 1","np":3,"cix":2,"bm":0,"ix":1,"mn":"ADBE Vector Group","hd":false}],"ip":18,"op":67,"st":7,"bm":0},{"ddd":0,"ind":8,"ty":4,"nm":"Shape Layer 11","parent":5,"sr":1,"ks":{"o":{"a":0,"k":100,"ix":11},"r":{"a":1,"k":[{"i":{"x":[0.833],"y":[0.833]},"o":{"x":[0.167],"y":[0.167]},"t":18,"s":[-208]},{"i":{"x":[0.833],"y":[0.833]},"o":{"x":[0.167],"y":[0.167]},"t":19,"s":[-168]},{"i":{"x":[0.833],"y":[0.833]},"o":{"x":[0.167],"y":[0.167]},"t":22,"s":[-144]},{"i":{"x":[0.833],"y":[0.833]},"o":{"x":[0.167],"y":[0.167]},"t":25,"s":[-109]},{"i":{"x":[0.833],"y":[0.833]},"o":{"x":[0.167],"y":[0.167]},"t":29,"s":[-76]},{"t":37,"s":[-15]}],"ix":10},"p":{"a":1,"k":[{"i":{"x":0.833,"y":0.833},"o":{"x":0.167,"y":0.167},"t":18,"s":[421.315,-120.528,0],"to":[7.265,-7.638,0],"ti":[-10.308,11.144,0]},{"i":{"x":0.833,"y":0.833},"o":{"x":0.167,"y":0.167},"t":19,"s":[464.903,-166.355,0],"to":[10.308,-11.144,0],"ti":[-7.039,7.707,0]},{"i":{"x":0.833,"y":0.833},"o":{"x":0.167,"y":0.167},"t":22,"s":[483.165,-187.391,0],"to":[7.039,-7.707,0],"ti":[-5.793,6.855,0]},{"i":{"x":0.833,"y":0.833},"o":{"x":0.167,"y":0.167},"t":25,"s":[507.138,-212.596,0],"to":[5.793,-6.855,0],"ti":[-5.759,6.743,0]},{"i":{"x":0.833,"y":0.833},"o":{"x":0.167,"y":0.167},"t":29,"s":[517.923,-228.524,0],"to":[5.759,-6.743,0],"ti":[-3.961,4.088,0]},{"t":37,"s":[541.689,-253.052,0]}],"ix":2},"a":{"a":0,"k":[-208,71.5,0],"ix":1},"s":{"a":1,"k":[{"i":{"x":[0.833,0.833,0.833],"y":[0.833,0.833,0.833]},"o":{"x":[0.167,0.167,0.167],"y":[0.167,0.167,0.167]},"t":18,"s":[100,100,100]},{"i":{"x":[0.833,0.833,0.833],"y":[0.833,0.833,0.833]},"o":{"x":[0.167,0.167,0.167],"y":[0.167,0.167,0.167]},"t":19,"s":[118,118,100]},{"i":{"x":[0.833,0.833,0.833],"y":[0.833,0.833,0.833]},"o":{"x":[0.167,0.167,0.167],"y":[0.167,0.167,0.167]},"t":22,"s":[128,128,100]},{"t":29,"s":[143,143,100]}],"ix":6}},"ao":0,"shapes":[{"ty":"gr","it":[{"ind":0,"ty":"sh","ix":1,"ks":{"a":0,"k":{"i":[[1.957,-1.673],[0,0],[0,0],[0,0],[-2.25,-2.25],[0,0],[0,0],[-3.375,1.125],[0,0],[-1.375,0.5],[1.875,2.75],[0,0],[0.125,0.75],[4.5,0.125],[0,0],[0,0]],"o":[[-1.249,1.068],[0,0],[0,0],[0,0],[3.25,1],[0,0],[0,0],[3.375,-1.125],[0,0],[1.375,-0.5],[-1.875,-2.75],[0,0],[-0.125,-0.75],[-2.793,1.327],[0,0],[0,0]],"v":[[-216.5,57],[-217.625,61.75],[-216.625,70.75],[-225.125,76],[-225.5,80.625],[-214.625,83.875],[-214.25,94.625],[-210,97.375],[-202.125,87.25],[-189.375,88.5],[-188.625,82.125],[-194.875,74.875],[-189.75,64.75],[-194.5,60.188],[-203.75,64.375],[-210.75,58]],"c":true},"ix":2},"nm":"Path 1","mn":"ADBE Vector Shape - Group","hd":false},{"ty":"fl","c":{"a":0,"k":[1,0.725490196078,0.027450980392,1],"ix":4},"o":{"a":0,"k":100,"ix":5},"r":1,"bm":0,"nm":"Fill 1","mn":"ADBE Vector Graphic - Fill","hd":false},{"ty":"tr","p":{"a":0,"k":[-0.9,-3.458],"ix":2},"a":{"a":0,"k":[0,0],"ix":1},"s":{"a":0,"k":[100,100],"ix":3},"r":{"a":0,"k":0,"ix":6},"o":{"a":0,"k":100,"ix":7},"sk":{"a":0,"k":0,"ix":4},"sa":{"a":0,"k":0,"ix":5},"nm":"Transform"}],"nm":"Shape 1","np":3,"cix":2,"bm":0,"ix":1,"mn":"ADBE Vector Group","hd":false}],"ip":18,"op":67,"st":7,"bm":0},{"ddd":0,"ind":9,"ty":4,"nm":"Shape Layer 6","sr":1,"ks":{"o":{"a":0,"k":100,"ix":11},"r":{"a":1,"k":[{"i":{"x":[0.833],"y":[0.833]},"o":{"x":[0.167],"y":[0.167]},"t":18,"s":[-148]},{"i":{"x":[0.833],"y":[0.833]},"o":{"x":[0.167],"y":[0.167]},"t":19,"s":[-108]},{"i":{"x":[0.833],"y":[0.833]},"o":{"x":[0.167],"y":[0.167]},"t":22,"s":[-84]},{"i":{"x":[0.833],"y":[0.833]},"o":{"x":[0.167],"y":[0.167]},"t":25,"s":[-49]},{"i":{"x":[0.833],"y":[0.833]},"o":{"x":[0.167],"y":[0.167]},"t":29,"s":[-16]},{"t":37,"s":[45]}],"ix":10},"p":{"a":1,"k":[{"i":{"x":0.833,"y":0.833},"o":{"x":0.167,"y":0.167},"t":18,"s":[363.53297066666676,243.91884800000005,0],"to":[10.247,2.472,0],"ti":[-14.805,-3.355,0]},{"i":{"x":0.833,"y":0.833},"o":{"x":0.167,"y":0.167},"t":19,"s":[384.51848533333344,248.98218666666673,0],"to":[14.805,3.355,0],"ti":[-10.194,-2.243,0]},{"i":{"x":0.833,"y":0.833},"o":{"x":0.167,"y":0.167},"t":22,"s":[393.8536106666667,250.79022933333337,0],"to":[10.194,2.243,0],"ti":[-8.833,-1.589,0]},{"i":{"x":0.833,"y":0.833},"o":{"x":0.167,"y":0.167},"t":25,"s":[405.3954560000001,253.57516800000005,0],"to":[8.833,1.589,0],"ti":[-8.719,-1.616,0]},{"i":{"x":0.833,"y":0.833},"o":{"x":0.167,"y":0.167},"t":29,"s":[411.9446186666667,254.04484266666674,0],"to":[8.719,1.616,0],"ti":[-5.521,-1.386,0]},{"t":37,"s":[423.2512853333334,256.8840533333334,0]}],"ix":2},"a":{"a":0,"k":[-208,71.5,0],"ix":1},"s":{"a":1,"k":[{"i":{"x":[0.833,0.833,0.833],"y":[0.833,0.833,0.833]},"o":{"x":[0.167,0.167,0.167],"y":[0.167,0.167,0.167]},"t":18,"s":[34.13333333333334,34.13333333333334,100]},{"i":{"x":[0.833,0.833,0.833],"y":[0.833,0.833,0.833]},"o":{"x":[0.167,0.167,0.167],"y":[0.167,0.167,0.167]},"t":19,"s":[40.27733333333334,40.27733333333334,100]},{"i":{"x":[0.833,0.833,0.833],"y":[0.833,0.833,0.833]},"o":{"x":[0.167,0.167,0.167],"y":[0.167,0.167,0.167]},"t":22,"s":[43.69066666666668,43.69066666666668,100]},{"t":29,"s":[48.81066666666668,48.81066666666668,100]}],"ix":6}},"ao":0,"shapes":[{"ty":"gr","it":[{"ind":0,"ty":"sh","ix":1,"ks":{"a":0,"k":{"i":[[1.957,-1.673],[0,0],[0,0],[0,0],[-2.25,-2.25],[0,0],[0,0],[-3.375,1.125],[0,0],[-1.375,0.5],[1.875,2.75],[0,0],[0.125,0.75],[4.5,0.125],[0,0],[0,0]],"o":[[-1.249,1.068],[0,0],[0,0],[0,0],[3.25,1],[0,0],[0,0],[3.375,-1.125],[0,0],[1.375,-0.5],[-1.875,-2.75],[0,0],[-0.125,-0.75],[-2.793,1.327],[0,0],[0,0]],"v":[[-216.5,57],[-217.625,61.75],[-216.625,70.75],[-225.125,76],[-225.5,80.625],[-214.625,83.875],[-214.25,94.625],[-210,97.375],[-202.125,87.25],[-189.375,88.5],[-188.625,82.125],[-194.875,74.875],[-189.75,64.75],[-194.5,60.188],[-203.75,64.375],[-210.75,58]],"c":true},"ix":2},"nm":"Path 1","mn":"ADBE Vector Shape - Group","hd":false},{"ty":"fl","c":{"a":0,"k":[1,0.725490196078,0.027450980392,1],"ix":4},"o":{"a":0,"k":100,"ix":5},"r":1,"bm":0,"nm":"Fill 1","mn":"ADBE Vector Graphic - Fill","hd":false},{"ty":"tr","p":{"a":0,"k":[-0.9,-3.458],"ix":2},"a":{"a":0,"k":[0,0],"ix":1},"s":{"a":0,"k":[100,100],"ix":3},"r":{"a":0,"k":0,"ix":6},"o":{"a":0,"k":100,"ix":7},"sk":{"a":0,"k":0,"ix":4},"sa":{"a":0,"k":0,"ix":5},"nm":"Transform"}],"nm":"Shape 1","np":3,"cix":2,"bm":0,"ix":1,"mn":"ADBE Vector Group","hd":false}],"ip":18,"op":67,"st":7,"bm":0},{"ddd":0,"ind":10,"ty":4,"nm":"Shape Layer 10","parent":5,"sr":1,"ks":{"o":{"a":0,"k":100,"ix":11},"r":{"a":1,"k":[{"i":{"x":[0.833],"y":[0.833]},"o":{"x":[0.167],"y":[0.167]},"t":18,"s":[148]},{"i":{"x":[0.833],"y":[0.833]},"o":{"x":[0.167],"y":[0.167]},"t":19,"s":[188]},{"i":{"x":[0.833],"y":[0.833]},"o":{"x":[0.167],"y":[0.167]},"t":22,"s":[212]},{"i":{"x":[0.833],"y":[0.833]},"o":{"x":[0.167],"y":[0.167]},"t":25,"s":[247]},{"i":{"x":[0.833],"y":[0.833]},"o":{"x":[0.167],"y":[0.167]},"t":29,"s":[280]},{"t":37,"s":[341]}],"ix":10},"p":{"a":1,"k":[{"i":{"x":0.833,"y":0.833},"o":{"x":0.167,"y":0.167},"t":18,"s":[176.769,-294.557,0],"to":[6.714,-8.126,0],"ti":[-9.506,11.836,0]},{"i":{"x":0.833,"y":0.833},"o":{"x":0.167,"y":0.167},"t":19,"s":[217.054,-343.313,0],"to":[9.506,-11.836,0],"ti":[-6.484,8.179,0]},{"i":{"x":0.833,"y":0.833},"o":{"x":0.167,"y":0.167},"t":22,"s":[233.804,-365.571,0],"to":[6.484,-8.179,0],"ti":[-5.301,7.243,0]},{"i":{"x":0.833,"y":0.833},"o":{"x":0.167,"y":0.167},"t":25,"s":[255.96,-392.387,0],"to":[5.301,-7.243,0],"ti":[-5.274,7.128,0]},{"i":{"x":0.833,"y":0.833},"o":{"x":0.167,"y":0.167},"t":29,"s":[265.608,-409.028,0],"to":[5.274,-7.128,0],"ti":[-3.666,4.354,0]},{"t":37,"s":[287.605,-435.155,0]}],"ix":2},"a":{"a":0,"k":[-208,71.5,0],"ix":1},"s":{"a":1,"k":[{"i":{"x":[0.833,0.833,0.833],"y":[0.833,0.833,0.833]},"o":{"x":[0.167,0.167,0.167],"y":[0.167,0.167,0.167]},"t":18,"s":[100,100,100]},{"i":{"x":[0.833,0.833,0.833],"y":[0.833,0.833,0.833]},"o":{"x":[0.167,0.167,0.167],"y":[0.167,0.167,0.167]},"t":19,"s":[118,118,100]},{"i":{"x":[0.833,0.833,0.833],"y":[0.833,0.833,0.833]},"o":{"x":[0.167,0.167,0.167],"y":[0.167,0.167,0.167]},"t":22,"s":[128,128,100]},{"t":29,"s":[143,143,100]}],"ix":6}},"ao":0,"shapes":[{"ty":"gr","it":[{"ind":0,"ty":"sh","ix":1,"ks":{"a":0,"k":{"i":[[1.957,-1.673],[0,0],[0,0],[0,0],[-2.25,-2.25],[0,0],[0,0],[-3.375,1.125],[0,0],[-1.375,0.5],[1.875,2.75],[0,0],[0.125,0.75],[4.5,0.125],[0,0],[0,0]],"o":[[-1.249,1.068],[0,0],[0,0],[0,0],[3.25,1],[0,0],[0,0],[3.375,-1.125],[0,0],[1.375,-0.5],[-1.875,-2.75],[0,0],[-0.125,-0.75],[-2.793,1.327],[0,0],[0,0]],"v":[[-216.5,57],[-217.625,61.75],[-216.625,70.75],[-225.125,76],[-225.5,80.625],[-214.625,83.875],[-214.25,94.625],[-210,97.375],[-202.125,87.25],[-189.375,88.5],[-188.625,82.125],[-194.875,74.875],[-189.75,64.75],[-194.5,60.188],[-203.75,64.375],[-210.75,58]],"c":true},"ix":2},"nm":"Path 1","mn":"ADBE Vector Shape - Group","hd":false},{"ty":"fl","c":{"a":0,"k":[1,0.725490196078,0.027450980392,1],"ix":4},"o":{"a":0,"k":100,"ix":5},"r":1,"bm":0,"nm":"Fill 1","mn":"ADBE Vector Graphic - Fill","hd":false},{"ty":"tr","p":{"a":0,"k":[-0.9,-3.458],"ix":2},"a":{"a":0,"k":[0,0],"ix":1},"s":{"a":0,"k":[100,100],"ix":3},"r":{"a":0,"k":0,"ix":6},"o":{"a":0,"k":100,"ix":7},"sk":{"a":0,"k":0,"ix":4},"sa":{"a":0,"k":0,"ix":5},"nm":"Transform"}],"nm":"Shape 1","np":3,"cix":2,"bm":0,"ix":1,"mn":"ADBE Vector Group","hd":false}],"ip":18,"op":67,"st":7,"bm":0},{"ddd":0,"ind":11,"ty":4,"nm":"Shape Layer 7","sr":1,"ks":{"o":{"a":0,"k":100,"ix":11},"r":{"a":1,"k":[{"i":{"x":[0.833],"y":[0.833]},"o":{"x":[0.167],"y":[0.167]},"t":18,"s":[208]},{"i":{"x":[0.833],"y":[0.833]},"o":{"x":[0.167],"y":[0.167]},"t":19,"s":[248]},{"i":{"x":[0.833],"y":[0.833]},"o":{"x":[0.167],"y":[0.167]},"t":22,"s":[272]},{"i":{"x":[0.833],"y":[0.833]},"o":{"x":[0.167],"y":[0.167]},"t":25,"s":[307]},{"i":{"x":[0.833],"y":[0.833]},"o":{"x":[0.167],"y":[0.167]},"t":29,"s":[340]},{"t":37,"s":[401]}],"ix":10},"p":{"a":1,"k":[{"i":{"x":0.833,"y":0.833},"o":{"x":0.167,"y":0.167},"t":18,"s":[373.24049066666674,141.9291306666667,0],"to":[10.394,1.752,0],"ti":[-15.003,-2.314,0]},{"i":{"x":0.833,"y":0.833},"o":{"x":0.167,"y":0.167},"t":19,"s":[394.5280853333334,145.5162026666667,0],"to":[15.003,2.314,0],"ti":[-10.325,-1.526,0]},{"i":{"x":0.833,"y":0.833},"o":{"x":0.167,"y":0.167},"t":22,"s":[403.9666346666668,146.66888533333338,0],"to":[10.325,1.526,0],"ti":[-8.923,-0.969,0]},{"i":{"x":0.833,"y":0.833},"o":{"x":0.167,"y":0.167},"t":25,"s":[415.6747093333334,148.641792,0],"to":[8.923,0.969,0],"ti":[-8.81,-1.004,0]},{"i":{"x":0.833,"y":0.833},"o":{"x":0.167,"y":0.167},"t":29,"s":[422.24059733333337,148.65373866666673,0],"to":[8.81,1.004,0],"ti":[-5.604,-0.998,0]},{"t":37,"s":[433.7179306666667,150.69730133333334,0]}],"ix":2},"a":{"a":0,"k":[-208,71.5,0],"ix":1},"s":{"a":1,"k":[{"i":{"x":[0.833,0.833,0.833],"y":[0.833,0.833,0.833]},"o":{"x":[0.167,0.167,0.167],"y":[0.167,0.167,0.167]},"t":18,"s":[34.13333333333334,34.13333333333334,100]},{"i":{"x":[0.833,0.833,0.833],"y":[0.833,0.833,0.833]},"o":{"x":[0.167,0.167,0.167],"y":[0.167,0.167,0.167]},"t":19,"s":[40.27733333333334,40.27733333333334,100]},{"i":{"x":[0.833,0.833,0.833],"y":[0.833,0.833,0.833]},"o":{"x":[0.167,0.167,0.167],"y":[0.167,0.167,0.167]},"t":22,"s":[43.69066666666668,43.69066666666668,100]},{"t":29,"s":[48.81066666666668,48.81066666666668,100]}],"ix":6}},"ao":0,"shapes":[{"ty":"gr","it":[{"ind":0,"ty":"sh","ix":1,"ks":{"a":0,"k":{"i":[[1.957,-1.673],[0,0],[0,0],[0,0],[-2.25,-2.25],[0,0],[0,0],[-3.375,1.125],[0,0],[-1.375,0.5],[1.875,2.75],[0,0],[0.125,0.75],[4.5,0.125],[0,0],[0,0]],"o":[[-1.249,1.068],[0,0],[0,0],[0,0],[3.25,1],[0,0],[0,0],[3.375,-1.125],[0,0],[1.375,-0.5],[-1.875,-2.75],[0,0],[-0.125,-0.75],[-2.793,1.327],[0,0],[0,0]],"v":[[-216.5,57],[-217.625,61.75],[-216.625,70.75],[-225.125,76],[-225.5,80.625],[-214.625,83.875],[-214.25,94.625],[-210,97.375],[-202.125,87.25],[-189.375,88.5],[-188.625,82.125],[-194.875,74.875],[-189.75,64.75],[-194.5,60.188],[-203.75,64.375],[-210.75,58]],"c":true},"ix":2},"nm":"Path 1","mn":"ADBE Vector Shape - Group","hd":false},{"ty":"fl","c":{"a":0,"k":[1,0.725490196078,0.027450980392,1],"ix":4},"o":{"a":0,"k":100,"ix":5},"r":1,"bm":0,"nm":"Fill 1","mn":"ADBE Vector Graphic - Fill","hd":false},{"ty":"tr","p":{"a":0,"k":[-0.9,-3.458],"ix":2},"a":{"a":0,"k":[0,0],"ix":1},"s":{"a":0,"k":[100,100],"ix":3},"r":{"a":0,"k":0,"ix":6},"o":{"a":0,"k":100,"ix":7},"sk":{"a":0,"k":0,"ix":4},"sa":{"a":0,"k":0,"ix":5},"nm":"Transform"}],"nm":"Shape 1","np":3,"cix":2,"bm":0,"ix":1,"mn":"ADBE Vector Group","hd":false}],"ip":18,"op":67,"st":7,"bm":0},{"ddd":0,"ind":12,"ty":4,"nm":"Shape Layer 9","parent":5,"sr":1,"ks":{"o":{"a":0,"k":100,"ix":11},"r":{"a":1,"k":[{"i":{"x":[0.833],"y":[0.833]},"o":{"x":[0.167],"y":[0.167]},"t":18,"s":[-60]},{"i":{"x":[0.833],"y":[0.833]},"o":{"x":[0.167],"y":[0.167]},"t":19,"s":[-20]},{"i":{"x":[0.833],"y":[0.833]},"o":{"x":[0.167],"y":[0.167]},"t":22,"s":[4]},{"i":{"x":[0.833],"y":[0.833]},"o":{"x":[0.167],"y":[0.167]},"t":25,"s":[39]},{"i":{"x":[0.833],"y":[0.833]},"o":{"x":[0.167],"y":[0.167]},"t":29,"s":[72]},{"t":37,"s":[133]}],"ix":10},"p":{"a":1,"k":[{"i":{"x":0.833,"y":0.833},"o":{"x":0.167,"y":0.167},"t":18,"s":[257.375,386.464,0],"to":[-2.113,10.327,0],"ti":[2.837,-14.913,0]},{"i":{"x":0.833,"y":0.833},"o":{"x":0.167,"y":0.167},"t":19,"s":[244.695,448.425,0],"to":[-2.837,14.913,0],"ti":[1.886,-10.266,0]},{"i":{"x":0.833,"y":0.833},"o":{"x":0.167,"y":0.167},"t":22,"s":[240.356,475.942,0],"to":[-1.886,10.266,0],"ti":[1.28,-8.884,0]},{"i":{"x":0.833,"y":0.833},"o":{"x":0.167,"y":0.167},"t":25,"s":[233.382,510.021,0],"to":[-1.28,8.884,0],"ti":[1.31,-8.77,0]},{"i":{"x":0.833,"y":0.833},"o":{"x":0.167,"y":0.167},"t":29,"s":[232.676,529.243,0],"to":[-1.31,8.77,0],"ti":[1.193,-5.566,0]},{"t":37,"s":[225.519,562.639,0]}],"ix":2},"a":{"a":0,"k":[-208,71.5,0],"ix":1},"s":{"a":1,"k":[{"i":{"x":[0.833,0.833,0.833],"y":[0.833,0.833,0.833]},"o":{"x":[0.167,0.167,0.167],"y":[0.167,0.167,0.167]},"t":18,"s":[100,100,100]},{"i":{"x":[0.833,0.833,0.833],"y":[0.833,0.833,0.833]},"o":{"x":[0.167,0.167,0.167],"y":[0.167,0.167,0.167]},"t":19,"s":[118,118,100]},{"i":{"x":[0.833,0.833,0.833],"y":[0.833,0.833,0.833]},"o":{"x":[0.167,0.167,0.167],"y":[0.167,0.167,0.167]},"t":22,"s":[128,128,100]},{"t":29,"s":[143,143,100]}],"ix":6}},"ao":0,"shapes":[{"ty":"gr","it":[{"ind":0,"ty":"sh","ix":1,"ks":{"a":0,"k":{"i":[[1.957,-1.673],[0,0],[0,0],[0,0],[-2.25,-2.25],[0,0],[0,0],[-3.375,1.125],[0,0],[-1.375,0.5],[1.875,2.75],[0,0],[0.125,0.75],[4.5,0.125],[0,0],[0,0]],"o":[[-1.249,1.068],[0,0],[0,0],[0,0],[3.25,1],[0,0],[0,0],[3.375,-1.125],[0,0],[1.375,-0.5],[-1.875,-2.75],[0,0],[-0.125,-0.75],[-2.793,1.327],[0,0],[0,0]],"v":[[-216.5,57],[-217.625,61.75],[-216.625,70.75],[-225.125,76],[-225.5,80.625],[-214.625,83.875],[-214.25,94.625],[-210,97.375],[-202.125,87.25],[-189.375,88.5],[-188.625,82.125],[-194.875,74.875],[-189.75,64.75],[-194.5,60.188],[-203.75,64.375],[-210.75,58]],"c":true},"ix":2},"nm":"Path 1","mn":"ADBE Vector Shape - Group","hd":false},{"ty":"fl","c":{"a":0,"k":[1,0.725490196078,0.027450980392,1],"ix":4},"o":{"a":0,"k":100,"ix":5},"r":1,"bm":0,"nm":"Fill 1","mn":"ADBE Vector Graphic - Fill","hd":false},{"ty":"tr","p":{"a":0,"k":[-0.9,-3.458],"ix":2},"a":{"a":0,"k":[0,0],"ix":1},"s":{"a":0,"k":[100,100],"ix":3},"r":{"a":0,"k":0,"ix":6},"o":{"a":0,"k":100,"ix":7},"sk":{"a":0,"k":0,"ix":4},"sa":{"a":0,"k":0,"ix":5},"nm":"Transform"}],"nm":"Shape 1","np":3,"cix":2,"bm":0,"ix":1,"mn":"ADBE Vector Group","hd":false}],"ip":18,"op":67,"st":7,"bm":0},{"ddd":0,"ind":13,"ty":4,"nm":"Shape Layer 5","sr":1,"ks":{"o":{"a":0,"k":100,"ix":11},"r":{"a":1,"k":[{"i":{"x":[0.833],"y":[0.833]},"o":{"x":[0.167],"y":[0.167]},"t":18,"s":[0]},{"i":{"x":[0.833],"y":[0.833]},"o":{"x":[0.167],"y":[0.167]},"t":19,"s":[40]},{"i":{"x":[0.833],"y":[0.833]},"o":{"x":[0.167],"y":[0.167]},"t":22,"s":[64]},{"i":{"x":[0.833],"y":[0.833]},"o":{"x":[0.167],"y":[0.167]},"t":25,"s":[99]},{"i":{"x":[0.833],"y":[0.833]},"o":{"x":[0.167],"y":[0.167]},"t":29,"s":[132]},{"t":37,"s":[193]}],"ix":10},"p":{"a":1,"k":[{"i":{"x":0.833,"y":0.833},"o":{"x":0.167,"y":0.167},"t":18,"s":[185.68533333333338,281.9840000000001,0],"to":[-10,3.333,0],"ti":[14.333,-5,0]},{"i":{"x":0.833,"y":0.833},"o":{"x":0.167,"y":0.167},"t":19,"s":[165.20533333333336,288.8106666666667,0],"to":[-14.333,5,0],"ti":[9.833,-3.5,0]},{"i":{"x":0.833,"y":0.833},"o":{"x":0.167,"y":0.167},"t":22,"s":[156.3306666666667,292.22400000000005,0],"to":[-9.833,3.5,0],"ti":[8.333,-3.333,0]},{"i":{"x":0.833,"y":0.833},"o":{"x":0.167,"y":0.167},"t":25,"s":[145.0666666666667,295.97866666666675,0],"to":[-8.333,3.333,0],"ti":[8.25,-3.25,0]},{"i":{"x":0.833,"y":0.833},"o":{"x":0.167,"y":0.167},"t":29,"s":[139.26400000000004,299.05066666666676,0],"to":[-8.25,3.25,0],"ti":[5.417,-1.75,0]},{"t":37,"s":[128.17066666666668,302.63466666666676,0]}],"ix":2},"a":{"a":0,"k":[-208,71.5,0],"ix":1},"s":{"a":1,"k":[{"i":{"x":[0.833,0.833,0.833],"y":[0.833,0.833,0.833]},"o":{"x":[0.167,0.167,0.167],"y":[0.167,0.167,0.167]},"t":18,"s":[34.13333333333334,34.13333333333334,100]},{"i":{"x":[0.833,0.833,0.833],"y":[0.833,0.833,0.833]},"o":{"x":[0.167,0.167,0.167],"y":[0.167,0.167,0.167]},"t":19,"s":[40.27733333333334,40.27733333333334,100]},{"i":{"x":[0.833,0.833,0.833],"y":[0.833,0.833,0.833]},"o":{"x":[0.167,0.167,0.167],"y":[0.167,0.167,0.167]},"t":22,"s":[43.69066666666668,43.69066666666668,100]},{"t":29,"s":[48.81066666666668,48.81066666666668,100]}],"ix":6}},"ao":0,"shapes":[{"ty":"gr","it":[{"ind":0,"ty":"sh","ix":1,"ks":{"a":0,"k":{"i":[[1.957,-1.673],[0,0],[0,0],[0,0],[-2.25,-2.25],[0,0],[0,0],[-3.375,1.125],[0,0],[-1.375,0.5],[1.875,2.75],[0,0],[0.125,0.75],[4.5,0.125],[0,0],[0,0]],"o":[[-1.249,1.068],[0,0],[0,0],[0,0],[3.25,1],[0,0],[0,0],[3.375,-1.125],[0,0],[1.375,-0.5],[-1.875,-2.75],[0,0],[-0.125,-0.75],[-2.793,1.327],[0,0],[0,0]],"v":[[-216.5,57],[-217.625,61.75],[-216.625,70.75],[-225.125,76],[-225.5,80.625],[-214.625,83.875],[-214.25,94.625],[-210,97.375],[-202.125,87.25],[-189.375,88.5],[-188.625,82.125],[-194.875,74.875],[-189.75,64.75],[-194.5,60.188],[-203.75,64.375],[-210.75,58]],"c":true},"ix":2},"nm":"Path 1","mn":"ADBE Vector Shape - Group","hd":false},{"ty":"fl","c":{"a":0,"k":[1,0.725490196078,0.027450980392,1],"ix":4},"o":{"a":0,"k":100,"ix":5},"r":1,"bm":0,"nm":"Fill 1","mn":"ADBE Vector Graphic - Fill","hd":false},{"ty":"tr","p":{"a":0,"k":[-0.9,-3.458],"ix":2},"a":{"a":0,"k":[0,0],"ix":1},"s":{"a":0,"k":[100,100],"ix":3},"r":{"a":0,"k":0,"ix":6},"o":{"a":0,"k":100,"ix":7},"sk":{"a":0,"k":0,"ix":4},"sa":{"a":0,"k":0,"ix":5},"nm":"Transform"}],"nm":"Shape 1","np":3,"cix":2,"bm":0,"ix":1,"mn":"ADBE Vector Group","hd":false}],"ip":18,"op":67,"st":7,"bm":0},{"ddd":0,"ind":14,"ty":4,"nm":"Shape Layer 4","sr":1,"ks":{"o":{"a":0,"k":100,"ix":11},"r":{"a":1,"k":[{"i":{"x":[0.833],"y":[0.833]},"o":{"x":[0.167],"y":[0.167]},"t":20,"s":[15]},{"i":{"x":[0.833],"y":[0.833]},"o":{"x":[0.167],"y":[0.167]},"t":22,"s":[10.5]},{"i":{"x":[0.833],"y":[0.833]},"o":{"x":[0.167],"y":[0.167]},"t":24,"s":[6]},{"i":{"x":[0.833],"y":[0.833]},"o":{"x":[0.167],"y":[0.167]},"t":25,"s":[3]},{"i":{"x":[0.833],"y":[0.833]},"o":{"x":[0.167],"y":[0.167]},"t":26,"s":[0.769]},{"t":38,"s":[0]}],"ix":10},"p":{"a":1,"k":[{"i":{"x":0.833,"y":0.833},"o":{"x":0.167,"y":0.167},"t":20,"s":[256.8533333333334,323.58400000000006,0],"to":[1.792,17.667,0],"ti":[-2.458,-30.333,0]},{"i":{"x":0.833,"y":0.833},"o":{"x":0.167,"y":0.167},"t":22,"s":[260.52266666666674,359.7653333333334,0],"to":[2.458,30.333,0],"ti":[-0.125,-18.833,0]},{"i":{"x":0.833,"y":0.833},"o":{"x":0.167,"y":0.167},"t":24,"s":[261.88800000000003,385.70666666666676,0],"to":[0.125,18.833,0],"ti":[0.208,-13,0]},{"i":{"x":0.833,"y":0.833},"o":{"x":0.167,"y":0.167},"t":25,"s":[260.7786666666667,398.33600000000007,0],"to":[-0.016,1.006,0],"ti":[-0.007,-1.094,0]},{"i":{"x":0.833,"y":0.833},"o":{"x":0.167,"y":0.167},"t":26,"s":[260.7742293333334,411.3595733333334,0],"to":[0.085,13.036,0],"ti":[-0.308,-6.304,0]},{"t":38,"s":[261.4613333333334,412.33066666666673,0]}],"ix":2},"a":{"a":0,"k":[16,454.247,0],"ix":1},"s":{"a":1,"k":[{"i":{"x":[0.833,0.833,0.833],"y":[0.833,0.833,0.833]},"o":{"x":[0.167,0.167,0.167],"y":[0.167,0.167,0.167]},"t":20,"s":[33.10933333333334,3.526656000000001,100]},{"i":{"x":[0.833,0.833,0.833],"y":[0.833,0.833,0.833]},"o":{"x":[0.167,0.167,0.167],"y":[0.167,0.167,0.167]},"t":24,"s":[33.10933333333334,11.718656000000003,100]},{"i":{"x":[0.833,0.833,0.833],"y":[0.833,0.833,0.833]},"o":{"x":[0.167,0.167,0.167],"y":[0.167,0.167,0.167]},"t":25,"s":[34.13333333333334,34.265088000000006,100]},{"t":38,"s":[34.13333333333334,34.265088000000006,100]}],"ix":6}},"ao":0,"shapes":[{"ty":"gr","it":[{"ty":"rc","d":1,"s":{"a":0,"k":[140.008,445.023],"ix":2},"p":{"a":0,"k":[0,0],"ix":3},"r":{"a":0,"k":0,"ix":4},"nm":"Rectangle Path 1","mn":"ADBE Vector Shape - Rect","hd":false},{"ty":"fl","c":{"a":0,"k":[1,1,1,1],"ix":4},"o":{"a":0,"k":100,"ix":5},"r":1,"bm":0,"nm":"Fill 1","mn":"ADBE Vector Graphic - Fill","hd":false},{"ty":"tr","p":{"a":0,"k":[14.637,233.098],"ix":2},"a":{"a":0,"k":[0,0],"ix":1},"s":{"a":0,"k":[100,99.076],"ix":3},"r":{"a":0,"k":0,"ix":6},"o":{"a":0,"k":100,"ix":7},"sk":{"a":0,"k":0,"ix":4},"sa":{"a":0,"k":0,"ix":5},"nm":"Transform"}],"nm":"Rectangle 1","np":3,"cix":2,"bm":0,"ix":1,"mn":"ADBE Vector Group","hd":false}],"ip":20,"op":247,"st":7,"bm":0},{"ddd":0,"ind":15,"ty":4,"nm":"Shape Layer 3","sr":1,"ks":{"o":{"a":0,"k":100,"ix":11},"r":{"a":0,"k":0,"ix":10},"p":{"a":0,"k":[260.7786666666667,210.6026666666667,0],"ix":2},"a":{"a":0,"k":[16,-132,0],"ix":1},"s":{"a":1,"k":[{"i":{"x":[0.833,0.833,0.833],"y":[0.833,0.833,0.833]},"o":{"x":[0.167,0.167,0.167],"y":[0.167,0.167,0.167]},"t":32,"s":[34.13333333333334,34.13333333333334,100]},{"i":{"x":[0.833,0.833,0.833],"y":[0.833,0.833,0.833]},"o":{"x":[0.167,0.167,0.167],"y":[0.167,0.167,0.167]},"t":35,"s":[37.546666666666674,37.546666666666674,100]},{"i":{"x":[0.833,0.833,0.833],"y":[0.833,0.833,0.833]},"o":{"x":[0.167,0.167,0.167],"y":[0.167,0.167,0.167]},"t":40,"s":[33.79200000000001,33.79200000000001,100]},{"t":45,"s":[32.08533333333334,32.08533333333334,100]}],"ix":6}},"ao":0,"shapes":[{"ty":"gr","it":[{"ind":0,"ty":"sh","ix":1,"ks":{"a":0,"k":{"i":[[72,-5.5],[-35.75,-27.75],[0,0],[-12.567,2.275],[0,0],[37.5,46],[11,-14],[11,-35]],"o":[[-58,6.75],[11.996,9.312],[0,0],[12.567,-2.275],[0,0],[-41.816,-51.294],[-4.825,6.141],[-8.5,-25]],"v":[[-106,-250],[-136.5,-146],[-107.25,-134.25],[142.433,-135.725],[168.5,-146.375],[179,-227.5],[62,-213],[18,-142.5]],"c":true},"ix":2},"nm":"Path 1","mn":"ADBE Vector Shape - Group","hd":false},{"ty":"st","c":{"a":0,"k":[0.827450980392,0.23137254902,0.21568627451,1],"ix":3},"o":{"a":0,"k":100,"ix":4},"w":{"a":0,"k":27,"ix":5},"lc":2,"lj":2,"bm":0,"nm":"Stroke 1","mn":"ADBE Vector Graphic - Stroke","hd":false},{"ty":"tr","p":{"a":0,"k":[0,0],"ix":2},"a":{"a":0,"k":[0,0],"ix":1},"s":{"a":0,"k":[100,100],"ix":3},"r":{"a":0,"k":0,"ix":6},"o":{"a":0,"k":100,"ix":7},"sk":{"a":0,"k":0,"ix":4},"sa":{"a":0,"k":0,"ix":5},"nm":"Transform"}],"nm":"Shape 1","np":3,"cix":2,"bm":0,"ix":1,"mn":"ADBE Vector Group","hd":false}],"ip":32,"op":241,"st":1,"bm":0},{"ddd":0,"ind":16,"ty":4,"nm":"Shape Layer 2","sr":1,"ks":{"o":{"a":0,"k":100,"ix":11},"r":{"a":1,"k":[{"i":{"x":[0.833],"y":[0.833]},"o":{"x":[0.167],"y":[0.167]},"t":20,"s":[-6]},{"i":{"x":[0.833],"y":[0.833]},"o":{"x":[0.167],"y":[0.167]},"t":24,"s":[-17]},{"i":{"x":[0.833],"y":[0.833]},"o":{"x":[0.167],"y":[0.167]},"t":26,"s":[-16]},{"i":{"x":[0.833],"y":[0.833]},"o":{"x":[0.167],"y":[0.167]},"t":29,"s":[-8]},{"t":31,"s":[0]}],"ix":10},"p":{"a":1,"k":[{"i":{"x":0.833,"y":0.833},"o":{"x":0.167,"y":0.167},"t":20,"s":[244.39466666666672,95.23200000000001,0],"to":[1.833,13,0],"ti":[-4.5,-36.5,0]},{"i":{"x":0.833,"y":0.833},"o":{"x":0.167,"y":0.167},"t":24,"s":[248.14933333333337,121.85600000000002,0],"to":[4.5,36.5,0],"ti":[-4.667,-40,0]},{"i":{"x":0.833,"y":0.833},"o":{"x":0.167,"y":0.167},"t":26,"s":[253.6106666666667,169.98400000000004,0],"to":[4.667,40,0],"ti":[-4,-33.167,0]},{"i":{"x":0.833,"y":0.833},"o":{"x":0.167,"y":0.167},"t":29,"s":[257.7066666666667,203.77600000000004,0],"to":[4,33.167,0],"ti":[-2,-16.667,0]},{"t":31,"s":[261.8026666666667,237.90933333333336,0]}],"ix":2},"a":{"a":0,"k":[16,-53,0],"ix":1},"s":{"a":1,"k":[{"i":{"x":[0.833,0.833,0.833],"y":[0.833,0.833,0.833]},"o":{"x":[0.167,0.167,0.167],"y":[0.167,0.167,0.167]},"t":20,"s":[20.13866666666667,20.13866666666667,100]},{"i":{"x":[0.833,0.833,0.833],"y":[0.833,0.833,0.833]},"o":{"x":[0.167,0.167,0.167],"y":[0.167,0.167,0.167]},"t":24,"s":[22.528000000000006,22.528000000000006,100]},{"i":{"x":[0.833,0.833,0.833],"y":[0.833,0.833,0.833]},"o":{"x":[0.167,0.167,0.167],"y":[0.167,0.167,0.167]},"t":26,"s":[28.672000000000004,28.672000000000004,100]},{"i":{"x":[0.833,0.833,0.833],"y":[0.833,0.833,0.833]},"o":{"x":[0.167,0.167,0.167],"y":[0.167,0.167,0.167]},"t":29,"s":[32.42666666666667,32.42666666666667,100]},{"t":31,"s":[34.13333333333334,34.13333333333334,100]}],"ix":6}},"ao":0,"shapes":[{"ty":"gr","it":[{"ty":"rc","d":1,"s":{"a":0,"k":[626.613,135.344],"ix":2},"p":{"a":0,"k":[0,0],"ix":3},"r":{"a":0,"k":25,"ix":4},"nm":"Rectangle Path 1","mn":"ADBE Vector Shape - Rect","hd":false},{"ty":"st","c":{"a":0,"k":[0.254901960784,0.286274509804,0.380392156863,1],"ix":3},"o":{"a":0,"k":100,"ix":4},"w":{"a":0,"k":7,"ix":5},"lc":1,"lj":1,"ml":4,"bm":0,"nm":"Stroke 1","mn":"ADBE Vector Graphic - Stroke","hd":false},{"ty":"fl","c":{"a":0,"k":[0.254901960784,0.286274509804,0.380392156863,1],"ix":4},"o":{"a":0,"k":100,"ix":5},"r":1,"bm":0,"nm":"Fill 1","mn":"ADBE Vector Graphic - Fill","hd":false},{"ty":"tr","p":{"a":0,"k":[16.959,-54.613],"ix":2},"a":{"a":0,"k":[0,0],"ix":1},"s":{"a":0,"k":[100.521,96],"ix":3},"r":{"a":0,"k":0,"ix":6},"o":{"a":0,"k":100,"ix":7},"sk":{"a":0,"k":0,"ix":4},"sa":{"a":0,"k":0,"ix":5},"nm":"Transform"}],"nm":"Rectangle 1","np":3,"cix":2,"bm":0,"ix":1,"mn":"ADBE Vector Group","hd":false}],"ip":20,"op":247,"st":7,"bm":0},{"ddd":0,"ind":17,"ty":0,"nm":"Shape Layer 1 Comp 1","refId":"comp_0","sr":1,"ks":{"o":{"a":0,"k":100,"ix":11},"r":{"a":0,"k":0,"ix":10},"p":{"a":0,"k":[256.00000000000006,256.00000000000006,0],"ix":2},"a":{"a":0,"k":[750,750,0],"ix":1},"s":{"a":0,"k":[34.13333333333334,34.13333333333334,100],"ix":6}},"ao":0,"w":1500,"h":1500,"ip":0,"op":240,"st":0,"bm":0}],"markers":[],"chars":[{"ch":"A","size":56,"style":"Medium","w":68.2,"data":{"shapes":[{"ty":"gr","it":[{"ind":0,"ty":"sh","ix":1,"ks":{"a":0,"k":{"i":[[0,0],[0,0],[0,0],[0,0],[0,0],[0,0],[0,0],[0,0]],"o":[[0,0],[0,0],[0,0],[0,0],[0,0],[0,0],[0,0],[0,0]],"v":[[54.4,0],[66.6,0],[40.7,-69.5],[27.6,-69.5],[1.6,0],[13.8,0],[19.2,-15.3],[49,-15.3]],"c":true},"ix":2},"nm":"A","mn":"ADBE Vector Shape - Group","hd":false},{"ind":1,"ty":"sh","ix":2,"ks":{"a":0,"k":{"i":[[0,0],[0,0],[0,0]],"o":[[0,0],[0,0],[0,0]],"v":[[22.4,-24.1],[34.1,-57.1],[45.8,-24.1]],"c":true},"ix":2},"nm":"A","mn":"ADBE Vector Shape - Group","hd":false}],"nm":"A","np":5,"cix":2,"bm":0,"ix":1,"mn":"ADBE Vector Group","hd":false}]},"fFamily":"Poppins"},{"ch":"D","size":56,"style":"Medium","w":72.1,"data":{"shapes":[{"ty":"gr","it":[{"ind":0,"ty":"sh","ix":1,"ks":{"a":0,"k":{"i":[[0,7.134],[2.9,5.267],[5.566,2.9],[7.733,0],[0,0],[0,0],[0,0],[-5.567,2.934],[-2.9,5.3]],"o":[[0,-7.133],[-2.9,-5.266],[-5.567,-2.9],[0,0],[0,0],[0,0],[7.733,0],[5.566,-2.933],[2.9,-5.3]],"v":[[67.5,-35.4],[63.15,-54],[50.45,-66.25],[30.5,-70.6],[6.9,-70.6],[6.9,0],[30.5,0],[50.45,-4.4],[63.15,-16.75]],"c":true},"ix":2},"nm":"D","mn":"ADBE Vector Shape - Group","hd":false},{"ind":1,"ty":"sh","ix":2,"ks":{"a":0,"k":{"i":[[8.466,0],[0,0],[0,0],[0,0],[-4.534,-4.4],[0,-7.933],[4.533,-4.4]],"o":[[0,0],[0,0],[0,0],[8.466,0],[4.533,4.4],[0,7.934],[-4.534,4.4]],"v":[[29.6,-10.3],[18.3,-10.3],[18.3,-60.5],[29.6,-60.5],[49.1,-53.9],[55.9,-35.4],[49.1,-16.9]],"c":true},"ix":2},"nm":"D","mn":"ADBE Vector Shape - Group","hd":false}],"nm":"D","np":5,"cix":2,"bm":0,"ix":1,"mn":"ADBE Vector Group","hd":false}]},"fFamily":"Poppins"}]}