{"v":"5.6.5","fr":30,"ip":0,"op":60,"w":512,"h":512,"nm":"Comp 1","ddd":0,"assets":[],"fonts":{"list":[{"fName":"SFProDisplay-Semibold","fFamily":"SF Pro Display","fStyle":"Semibold","ascent":70.458984375}]},"layers":[{"ddd":0,"ind":1,"ty":5,"nm":"AD","sr":1,"ks":{"o":{"a":1,"k":[{"i":{"x":[0.833],"y":[0.833]},"o":{"x":[0.167],"y":[0.167]},"t":20,"s":[0]},{"t":30,"s":[100]}],"ix":11},"r":{"a":0,"k":0,"ix":10},"p":{"a":1,"k":[{"i":{"x":0.833,"y":0.833},"o":{"x":0.167,"y":0.167},"t":20,"s":[256,214.317,0],"to":[0,-23.833,0],"ti":[0,23.833,0]},{"t":30,"s":[256,71.317,0]}],"ix":2},"a":{"a":0,"k":[24.029,-12.683,0],"ix":1},"s":{"a":0,"k":[218.784,218.784,100],"ix":6}},"ao":0,"t":{"d":{"k":[{"s":{"s":36,"f":"SFProDisplay-Semibold","t":"AD","j":0,"tr":0,"lh":43.2,"ls":0,"fc":[1,0.027,0.486]},"t":0}]},"p":{},"m":{"g":1,"a":{"a":0,"k":[0,0],"ix":2}},"a":[]},"ip":0,"op":60,"st":0,"bm":0},{"ddd":0,"ind":2,"ty":4,"nm":"gift Outlines","sr":1,"ks":{"o":{"a":0,"k":100,"ix":11},"r":{"a":1,"k":[{"i":{"x":[0.833],"y":[0.833]},"o":{"x":[0.167],"y":[0.167]},"t":15,"s":[0]},{"i":{"x":[0.833],"y":[0.833]},"o":{"x":[0.167],"y":[0.167]},"t":19,"s":[10]},{"i":{"x":[0.833],"y":[0.833]},"o":{"x":[0.167],"y":[0.167]},"t":23,"s":[0]},{"i":{"x":[0.833],"y":[0.833]},"o":{"x":[0.167],"y":[0.167]},"t":26,"s":[-10]},{"t":30,"s":[0]}],"ix":10},"p":{"a":0,"k":[256,306,0],"ix":2},"a":{"a":0,"k":[256,256,0],"ix":1},"s":{"a":1,"k":[{"i":{"x":[0.833,0.833,0.833],"y":[0.833,0.833,0.833]},"o":{"x":[0.167,0.167,0.167],"y":[0.167,0.167,0.167]},"t":0,"s":[8.594,8.594,100]},{"i":{"x":[0.833,0.833,0.833],"y":[0.833,0.833,0.833]},"o":{"x":[0.167,0.167,0.167],"y":[0.167,0.167,0.167]},"t":5,"s":[100,100,100]},{"i":{"x":[0.833,0.833,0.833],"y":[0.833,0.833,0.833]},"o":{"x":[0.167,0.167,0.167],"y":[0.167,0.167,0.167]},"t":10,"s":[50,50,100]},{"t":15,"s":[70,70,100]}],"ix":6}},"ao":0,"shapes":[{"ty":"gr","it":[{"ind":0,"ty":"sh","ix":1,"ks":{"a":0,"k":{"i":[[0,0],[0,0],[0,0],[0,17.664],[0,0]],"o":[[0,0],[0,0],[17.664,0],[0,0],[0,0]],"v":[[-96,-112],[-96,112],[64,112],[96,80],[96,-112]],"c":true},"ix":2},"nm":"Path 1","mn":"ADBE Vector Shape - Group","hd":false},{"ty":"fl","c":{"a":0,"k":[1,0.027450980392,0.486274509804,1],"ix":4},"o":{"a":0,"k":100,"ix":5},"r":1,"bm":0,"nm":"Fill 1","mn":"ADBE Vector Graphic - Fill","hd":false},{"ty":"tr","p":{"a":0,"k":[384,383.692],"ix":2},"a":{"a":0,"k":[0,0],"ix":1},"s":{"a":0,"k":[100,100],"ix":3},"r":{"a":0,"k":0,"ix":6},"o":{"a":0,"k":100,"ix":7},"sk":{"a":0,"k":0,"ix":4},"sa":{"a":0,"k":0,"ix":5},"nm":"Transform"}],"nm":"Group 1","np":2,"cix":2,"bm":0,"ix":1,"mn":"ADBE Vector Group","hd":false},{"ty":"gr","it":[{"ind":0,"ty":"sh","ix":1,"ks":{"a":0,"k":{"i":[[22.144,0],[0,0.032],[-21.568,21.696],[-13.024,-13.088],[13.44,-13.504]],"o":[[-4.544,0],[-7.456,-7.712],[12.896,-13.024],[13.44,13.504],[-13.792,13.888]],"v":[[39.776,18.864],[33.887,17.808],[69.44,-67.024],[117.92,-67.024],[117.92,-18]],"c":true},"ix":2},"nm":"Path 1","mn":"ADBE Vector Shape - Group","hd":false},{"ind":1,"ty":"sh","ix":2,"ks":{"a":0,"k":{"i":[[7.457,-7.712],[4.576,0],[13.792,13.888],[-13.408,13.504],[-9.152,0],[-6.496,-6.528]],"o":[[0,0],[-22.112,0],[-13.408,-13.504],[6.496,-6.528],[9.12,0],[21.568,21.696]],"v":[[-33.889,17.808],[-39.808,18.864],[-117.92,-18],[-117.92,-67.024],[-93.664,-77.136],[-69.44,-67.024]],"c":true},"ix":2},"nm":"Path 2","mn":"ADBE Vector Shape - Group","hd":false},{"ind":2,"ty":"sh","ix":3,"ks":{"a":0,"k":{"i":[[17.664,0],[0,0],[-4.353,4.416],[25.823,25.952],[25.055,-25.216],[-5.088,-37.856],[0,0],[13.856,13.92],[25.056,-25.216],[-25.759,-25.952],[-7.264,-4.96],[0,0],[0,-17.632],[0,0],[-8.832,0],[0,0],[0,0],[0,0],[0,0],[0,0],[0,8.832],[0,0]],"o":[[0,0],[7.263,-4.96],[25.823,-25.952],[-25.089,-25.28],[-13.888,13.92],[0,0],[5.056,-37.856],[-25.088,-25.216],[-25.792,25.952],[4.385,4.416],[0,0],[-17.632,0],[0,0],[0,8.832],[0,0],[0,0],[0,0],[0,0],[0,0],[8.832,0],[0,0],[0,-17.632]],"v":[[224,18.864],[122.752,18.864],[140.608,4.56],[140.608,-89.584],[46.752,-89.584],[1.152,18.864],[-1.152,18.864],[-46.752,-89.584],[-140.608,-89.584],[-140.641,4.56],[-122.752,18.864],[-224,18.864],[-256,50.864],[-256,98.864],[-240,114.864],[-32,114.864],[-32,50.864],[32,50.864],[32,114.864],[240,114.864],[256,98.864],[256,50.864]],"c":true},"ix":2},"nm":"Path 3","mn":"ADBE Vector Shape - Group","hd":false},{"ty":"mm","mm":1,"nm":"Merge Paths 1","mn":"ADBE Vector Filter - Merge","hd":false},{"ty":"fl","c":{"a":0,"k":[1,0.027450980392,0.486274509804,1],"ix":4},"o":{"a":0,"k":100,"ix":5},"r":1,"bm":0,"nm":"Fill 1","mn":"ADBE Vector Graphic - Fill","hd":false},{"ty":"tr","p":{"a":0,"k":[256,124.828],"ix":2},"a":{"a":0,"k":[0,0],"ix":1},"s":{"a":0,"k":[100,100],"ix":3},"r":{"a":0,"k":0,"ix":6},"o":{"a":0,"k":100,"ix":7},"sk":{"a":0,"k":0,"ix":4},"sa":{"a":0,"k":0,"ix":5},"nm":"Transform"}],"nm":"Group 2","np":7,"cix":2,"bm":0,"ix":2,"mn":"ADBE Vector Group","hd":false},{"ty":"gr","it":[{"ind":0,"ty":"sh","ix":1,"ks":{"a":0,"k":{"i":[[0,0],[0,0],[-17.632,0],[0,0],[0,0]],"o":[[0,0],[0,17.664],[0,0],[0,0],[0,0]],"v":[[-96,-112],[-96,80],[-64,112],[96,112],[96,-112]],"c":true},"ix":2},"nm":"Path 1","mn":"ADBE Vector Shape - Group","hd":false},{"ty":"fl","c":{"a":0,"k":[1,0.027450980392,0.486274509804,1],"ix":4},"o":{"a":0,"k":100,"ix":5},"r":1,"bm":0,"nm":"Fill 1","mn":"ADBE Vector Graphic - Fill","hd":false},{"ty":"tr","p":{"a":0,"k":[128,383.692],"ix":2},"a":{"a":0,"k":[0,0],"ix":1},"s":{"a":0,"k":[100,100],"ix":3},"r":{"a":0,"k":0,"ix":6},"o":{"a":0,"k":100,"ix":7},"sk":{"a":0,"k":0,"ix":4},"sa":{"a":0,"k":0,"ix":5},"nm":"Transform"}],"nm":"Group 3","np":2,"cix":2,"bm":0,"ix":3,"mn":"ADBE Vector Group","hd":false}],"ip":0,"op":60,"st":0,"bm":0}],"markers":[],"chars":[{"ch":"A","size":36,"style":"Semibold","w":66.85,"data":{"shapes":[{"ty":"gr","it":[{"ind":0,"ty":"sh","ix":1,"ks":{"a":0,"k":{"i":[[0,0],[0,0],[0,0],[0,0],[0,0],[0,0],[0,0],[0,0]],"o":[[0,0],[0,0],[0,0],[0,0],[0,0],[0,0],[0,0],[0,0]],"v":[[65.479,0],[40.479,-70.459],[26.27,-70.459],[1.27,0],[14.258,0],[20.264,-18.213],[46.191,-18.213],[52.197,0]],"c":true},"ix":2},"nm":"A","mn":"ADBE Vector Shape - Group","hd":false},{"ind":1,"ty":"sh","ix":2,"ks":{"a":0,"k":{"i":[[0,0],[0,0],[0,0],[0,0]],"o":[[0,0],[0,0],[0,0],[0,0]],"v":[[33.398,-58.008],[43.213,-27.93],[23.193,-27.93],[33.057,-58.008]],"c":true},"ix":2},"nm":"A","mn":"ADBE Vector Shape - Group","hd":false}],"nm":"A","np":5,"cix":2,"bm":0,"ix":1,"mn":"ADBE Vector Group","hd":false}]},"fFamily":"SF Pro Display"},{"ch":"D","size":36,"style":"Semibold","w":69.24,"data":{"shapes":[{"ty":"gr","it":[{"ind":0,"ty":"sh","ix":1,"ks":{"a":0,"k":{"i":[[0,0],[0,0],[-4.997,2.8],[-2.654,5.273],[0,7.455],[2.653,5.209],[4.996,2.751],[7.031,0],[0,0]],"o":[[0,0],[7.031,0],[4.996,-2.799],[2.653,-5.273],[0,-7.454],[-2.654,-5.208],[-4.997,-2.75],[0,0],[0,0]],"v":[[6.152,0],[31.885,0],[49.927,-4.199],[61.401,-16.309],[65.381,-35.4],[61.401,-54.395],[49.927,-66.333],[31.885,-70.459],[6.152,-70.459]],"c":true},"ix":2},"nm":"D","mn":"ADBE Vector Shape - Group","hd":false},{"ind":1,"ty":"sh","ix":2,"ks":{"a":0,"k":{"i":[[0,0],[-3.809,-4.215],[0,-7.877],[3.792,-4.215],[7.063,0],[0,0],[0,0]],"o":[[7.031,0],[3.809,4.216],[0,8.041],[-3.793,4.216],[0,0],[0,0],[0,0]],"v":[[30.566,-59.814],[46.826,-53.491],[52.539,-35.352],[46.851,-16.968],[30.566,-10.645],[18.75,-10.645],[18.75,-59.814]],"c":true},"ix":2},"nm":"D","mn":"ADBE Vector Shape - Group","hd":false}],"nm":"D","np":5,"cix":2,"bm":0,"ix":1,"mn":"ADBE Vector Group","hd":false}]},"fFamily":"SF Pro Display"}]}