{"v":"5.5.7","meta":{"g":"LottieFiles AE 0.1.20","a":"","k":"","d":"","tc":""},"fr":24,"ip":0,"op":192,"w":512,"h":512,"nm":"Comp 1","ddd":0,"assets":[],"fonts":{"list":[{"fName":"Montserrat-Bold","fFamily":"Montserrat","fStyle":"Bold","ascent":74.1989135742188}]},"layers":[{"ddd":0,"ind":1,"ty":4,"nm":"search Outlines","sr":1,"ks":{"o":{"a":1,"k":[{"i":{"x":[0.833],"y":[0.833]},"o":{"x":[0.167],"y":[0.167]},"t":0,"s":[0]},{"i":{"x":[0.833],"y":[0.833]},"o":{"x":[0.167],"y":[0.167]},"t":23,"s":[100]},{"i":{"x":[0.833],"y":[0.833]},"o":{"x":[0.167],"y":[0.167]},"t":97,"s":[100]},{"t":120,"s":[0]}],"ix":11},"r":{"a":0,"k":0,"ix":10},"p":{"a":1,"k":[{"i":{"x":1,"y":1},"o":{"x":0,"y":0},"t":0,"s":[254,256,0],"to":[-8,-8.333,0],"ti":[-8.667,8.333,0]},{"i":{"x":1,"y":1},"o":{"x":0,"y":0},"t":23,"s":[206,206,0],"to":[8.667,-8.333,0],"ti":[-16.667,-16.667,0]},{"i":{"x":1,"y":1},"o":{"x":0,"y":0},"t":49,"s":[306,206,0],"to":[16.667,16.667,0],"ti":[16.667,-16.667,0]},{"i":{"x":0.997,"y":1},"o":{"x":0,"y":0},"t":73,"s":[306,306,0],"to":[-16.667,16.667,0],"ti":[8.333,8.333,0]},{"i":{"x":1,"y":1},"o":{"x":0,"y":0},"t":97,"s":[206,306,0],"to":[-8.333,-8.333,0],"ti":[-8.333,8.333,0]},{"t":120,"s":[256,256,0]}],"ix":2},"a":{"a":0,"k":[198.5,198.5,0],"ix":1},"s":{"a":0,"k":[59.672,59.672,100],"ix":6}},"ao":0,"shapes":[{"ty":"gr","it":[{"ind":0,"ty":"sh","ix":1,"ks":{"a":0,"k":{"i":[[0,0],[0,0],[40.545,-40.643],[0,0],[46.796,46.891]],"o":[[0,0],[40.545,40.644],[0,0],[46.796,-46.89],[0,0]],"v":[[-17.742,-84.852],[-29.054,-73.54],[-29.054,73.54],[-17.742,84.852],[-17.742,-84.852]],"c":true},"ix":2},"nm":"Path 1","mn":"ADBE Vector Shape - Group","hd":false},{"ty":"fl","c":{"a":0,"k":[0.543298698874,0.622622979856,0.752941176471,1],"ix":4},"o":{"a":0,"k":100,"ix":5},"r":1,"bm":0,"nm":"Fill 1","mn":"ADBE Vector Graphic - Fill","hd":false},{"ty":"tr","p":{"a":0,"k":[347.221,152.377],"ix":2},"a":{"a":0,"k":[0,0],"ix":1},"s":{"a":0,"k":[100,100],"ix":3},"r":{"a":0,"k":0,"ix":6},"o":{"a":0,"k":100,"ix":7},"sk":{"a":0,"k":0,"ix":4},"sa":{"a":0,"k":0,"ix":5},"nm":"Transform"}],"nm":"Group 1","np":2,"cix":2,"bm":0,"ix":1,"mn":"ADBE Vector Group","hd":false},{"ty":"gr","it":[{"ind":0,"ty":"sh","ix":1,"ks":{"a":0,"k":{"i":[[53.025,-53.148],[53.11,53.113],[-53.112,53.111],[-53.111,-53.109]],"o":[[-53.112,53.111],[-53.111,-53.112],[53.111,-53.109],[53.025,53.149]],"v":[[142.39,49.917],[-49.944,49.915],[-49.941,-142.418],[142.39,-142.418]],"c":true},"ix":2},"nm":"Path 1","mn":"ADBE Vector Shape - Group","hd":false},{"ind":1,"ty":"sh","ix":2,"ks":{"a":0,"k":{"i":[[3.118,-3.123],[0,0],[3.124,3.123],[0,0],[-3.118,3.123],[0,0],[-3.164,-3.025],[0,0]],"o":[[0,0],[-3.124,3.123],[0,0],[-3.118,-3.123],[0,0],[3.164,-3.025],[0,0],[3.118,3.124]],"v":[[-78.235,100.822],[-157.435,180.021],[-168.747,180.021],[-180.059,168.701],[-180.059,157.398],[-100.859,78.197],[-89.547,78.197],[-78.235,89.517]],"c":true},"ix":2},"nm":"Path 2","mn":"ADBE Vector Shape - Group","hd":false},{"ind":2,"ty":"sh","ix":3,"ks":{"a":0,"k":{"i":[[57.418,57.177],[59.401,-59.237],[-54.227,-60.095],[0,0],[9.373,-9.372],[0.001,0],[0,0],[-9.372,-9.374],[-0.001,-0.001],[0,0],[-9.372,9.37],[0,0],[9.372,9.374],[0.001,0.001],[0,0],[0,0],[-56.247,62.24]],"o":[[-59.237,-59.401],[-57.316,57.157],[0,0],[-9.372,-9.373],[-0.001,0.001],[0,0],[-9.373,9.372],[0.001,0.001],[0,0],[9.372,9.37],[0,0],[9.373,-9.371],[-0.001,-0.001],[0,0],[0,0],[62.24,56.247],[54.33,-60.119]],"v":[[153.693,-153.73],[-61.12,-154.028],[-66.635,55.285],[-78.235,66.885],[-112.176,66.883],[-112.179,66.885],[-191.379,146.085],[-191.382,180.027],[-191.379,180.029],[-180.067,191.342],[-146.131,191.342],[-66.931,112.141],[-66.928,78.201],[-66.931,78.197],[-66.931,78.197],[-55.331,66.598],[159.208,55.747]],"c":true},"ix":2},"nm":"Path 3","mn":"ADBE Vector Shape - Group","hd":false},{"ty":"mm","mm":1,"nm":"Merge Paths 1","mn":"ADBE Vector Filter - Merge","hd":false},{"ty":"fl","c":{"a":0,"k":[0.543298698874,0.622622979856,0.752941176471,1],"ix":4},"o":{"a":0,"k":100,"ix":5},"r":1,"bm":0,"nm":"Fill 1","mn":"ADBE Vector Graphic - Fill","hd":false},{"ty":"tr","p":{"a":0,"k":[198.41,198.631],"ix":2},"a":{"a":0,"k":[0,0],"ix":1},"s":{"a":0,"k":[100,100],"ix":3},"r":{"a":0,"k":0,"ix":6},"o":{"a":0,"k":100,"ix":7},"sk":{"a":0,"k":0,"ix":4},"sa":{"a":0,"k":0,"ix":5},"nm":"Transform"}],"nm":"Group 2","np":7,"cix":2,"bm":0,"ix":2,"mn":"ADBE Vector Group","hd":false}],"ip":0,"op":240,"st":0,"bm":0},{"ddd":0,"ind":2,"ty":5,"nm":"PDF","sr":1,"ks":{"o":{"a":1,"k":[{"i":{"x":[0.833],"y":[0.833]},"o":{"x":[0.167],"y":[0.167]},"t":0,"s":[0]},{"i":{"x":[0.833],"y":[0.833]},"o":{"x":[0.167],"y":[0.167]},"t":113,"s":[0]},{"t":121,"s":[100]}],"ix":11},"r":{"a":0,"k":0,"ix":10},"p":{"a":0,"k":[233,358,0],"ix":2},"a":{"a":0,"k":[0,0,0],"ix":1},"s":{"a":0,"k":[100,100,100],"ix":6}},"ao":0,"t":{"d":{"k":[{"s":{"s":95,"f":"Montserrat-Bold","t":"PDF","j":2,"tr":0,"lh":114,"ls":0,"fc":[1,1,1]},"t":0}]},"p":{},"m":{"g":1,"a":{"a":0,"k":[0,0],"ix":2}},"a":[]},"ip":0,"op":240,"st":0,"bm":0},{"ddd":0,"ind":3,"ty":4,"nm":"file Outlines","sr":1,"ks":{"o":{"a":1,"k":[{"i":{"x":[0.833],"y":[0.833]},"o":{"x":[0.167],"y":[0.167]},"t":0,"s":[0]},{"i":{"x":[0.833],"y":[0.833]},"o":{"x":[0.167],"y":[0.167]},"t":113,"s":[0]},{"t":121,"s":[100]}],"ix":11},"r":{"a":0,"k":0,"ix":10},"p":{"a":0,"k":[256,256,0],"ix":2},"a":{"a":0,"k":[152,193,0],"ix":1},"s":{"a":0,"k":[100,100,100],"ix":6}},"ao":0,"shapes":[{"ty":"gr","it":[{"ind":0,"ty":"sh","ix":1,"ks":{"a":0,"k":{"i":[[0,0],[1.993,-1.988],[0,-2.812],[-1.988,-1.991],[-2.816,0],[0,0],[0,0]],"o":[[-2.812,0],[-1.988,1.988],[0,2.813],[1.988,1.988],[0,0],[0,0],[0,0]],"v":[[-1.391,-10.606],[-8.895,-7.504],[-12,-0.005],[-8.895,7.5],[-1.391,10.606],[12,10.606],[12,-10.606]],"c":true},"ix":2},"nm":"Path 1","mn":"ADBE Vector Shape - Group","hd":false},{"ty":"fl","c":{"a":0,"k":[0.898039275525,0.125490196078,0.125490196078,1],"ix":4},"o":{"a":0,"k":100,"ix":5},"r":1,"bm":0,"nm":"Fill 1","mn":"ADBE Vector Graphic - Fill","hd":false},{"ty":"tr","p":{"a":0,"k":[13.392,198.64],"ix":2},"a":{"a":0,"k":[0,0],"ix":1},"s":{"a":0,"k":[100,100],"ix":3},"r":{"a":0,"k":0,"ix":6},"o":{"a":0,"k":100,"ix":7},"sk":{"a":0,"k":0,"ix":4},"sa":{"a":0,"k":0,"ix":5},"nm":"Transform"}],"nm":"Group 1","np":2,"cix":2,"bm":0,"ix":1,"mn":"ADBE Vector Group","hd":false},{"ty":"gr","it":[{"ind":0,"ty":"sh","ix":1,"ks":{"a":0,"k":{"i":[[0,0],[0,0],[-1.992,-1.993],[-2.816,0],[0,0],[0,5.867],[0,0],[5.863,0.003]],"o":[[0,0],[0,2.817],[1.993,1.992],[0,0],[5.863,0],[0,0],[-0.003,-5.863],[0,0]],"v":[[-122.377,-53.357],[-122.377,42.736],[-119.268,50.248],[-111.756,53.357],[111.757,53.357],[122.377,42.736],[122.377,-42.741],[111.757,-53.357]],"c":true},"ix":2},"nm":"Path 1","mn":"ADBE Vector Shape - Group","hd":false},{"ty":"gf","o":{"a":0,"k":100,"ix":10},"r":1,"bm":0,"g":{"p":3,"k":{"a":0,"k":[0,0.988,0.302,0.302,0.5,0.965,0.253,0.253,1,0.941,0.204,0.204],"ix":9}},"s":{"a":0,"k":[0,-41],"ix":5},"e":{"a":0,"k":[2,43],"ix":6},"t":1,"nm":"Gradient Fill 1","mn":"ADBE Vector Graphic - G-Fill","hd":false},{"ty":"tr","p":{"a":0,"k":[123.769,262.603],"ix":2},"a":{"a":0,"k":[0,0],"ix":1},"s":{"a":0,"k":[100,100],"ix":3},"r":{"a":0,"k":0,"ix":6},"o":{"a":0,"k":100,"ix":7},"sk":{"a":0,"k":0,"ix":4},"sa":{"a":0,"k":0,"ix":5},"nm":"Transform"}],"nm":"Group 2","np":2,"cix":2,"bm":0,"ix":2,"mn":"ADBE Vector Group","hd":false}],"ip":0,"op":240,"st":0,"bm":0},{"ddd":0,"ind":4,"ty":4,"nm":"Shape Layer 3","sr":1,"ks":{"o":{"a":1,"k":[{"i":{"x":[0.833],"y":[0.833]},"o":{"x":[0.167],"y":[0.167]},"t":0,"s":[0]},{"i":{"x":[0.833],"y":[0.833]},"o":{"x":[0.167],"y":[0.167]},"t":113,"s":[0]},{"t":121,"s":[100]}],"ix":11},"r":{"a":0,"k":0,"ix":10},"p":{"a":0,"k":[256,256,0],"ix":2},"a":{"a":0,"k":[0,0,0],"ix":1},"s":{"a":0,"k":[100,100,100],"ix":6}},"ao":0,"shapes":[],"ip":0,"op":240,"st":0,"bm":0},{"ddd":0,"ind":5,"ty":4,"nm":"Shape Layer 1","sr":1,"ks":{"o":{"a":0,"k":100,"ix":11},"r":{"a":0,"k":0,"ix":10},"p":{"a":0,"k":[256,256,0],"ix":2},"a":{"a":0,"k":[0,0,0],"ix":1},"s":{"a":0,"k":[100,100,100],"ix":6}},"ao":0,"shapes":[{"ty":"gr","it":[{"ind":0,"ty":"sh","ix":1,"ks":{"a":0,"k":{"i":[[0,0],[0,0],[0,0],[0,0],[0,0],[0,0]],"o":[[0,0],[0,0],[0,0],[0,0],[0,0],[0,0]],"v":[[-128,-192],[-126,188],[141,191],[142,-125],[80,-127],[78,-191]],"c":true},"ix":2},"nm":"Path 1","mn":"ADBE Vector Shape - Group","hd":false},{"ty":"gf","o":{"a":0,"k":100,"ix":10},"r":1,"bm":0,"g":{"p":3,"k":{"a":0,"k":[0,0.941,0.961,1,0.5,0.894,0.933,1,1,0.847,0.906,1],"ix":9}},"s":{"a":0,"k":[0,0],"ix":5},"e":{"a":0,"k":[-2,90],"ix":6},"t":1,"nm":"Gradient Fill 1","mn":"ADBE Vector Graphic - G-Fill","hd":false},{"ty":"tr","p":{"a":0,"k":[0,0],"ix":2},"a":{"a":0,"k":[0,0],"ix":1},"s":{"a":0,"k":[100,100],"ix":3},"r":{"a":0,"k":0,"ix":6},"o":{"a":0,"k":100,"ix":7},"sk":{"a":0,"k":0,"ix":4},"sa":{"a":0,"k":0,"ix":5},"nm":"Transform"}],"nm":"Shape 1","np":2,"cix":2,"bm":0,"ix":1,"mn":"ADBE Vector Group","hd":false},{"ty":"rd","nm":"Round Corners 1","r":{"a":0,"k":10,"ix":1},"ix":2,"mn":"ADBE Vector Filter - RC","hd":false}],"ip":0,"op":240,"st":0,"bm":0},{"ddd":0,"ind":6,"ty":4,"nm":"Shape Layer 4","sr":1,"ks":{"o":{"a":1,"k":[{"i":{"x":[0.833],"y":[0.833]},"o":{"x":[0.167],"y":[0.167]},"t":0,"s":[0]},{"i":{"x":[0.833],"y":[0.833]},"o":{"x":[0.167],"y":[0.167]},"t":113,"s":[0]},{"t":121,"s":[100]}],"ix":11},"r":{"a":0,"k":0,"ix":10},"p":{"a":0,"k":[104,61.75,0],"ix":2},"a":{"a":0,"k":[0,0,0],"ix":1},"s":{"a":0,"k":[100,100,100],"ix":6}},"ao":0,"shapes":[{"ty":"gr","it":[{"ind":0,"ty":"sh","ix":1,"ks":{"a":0,"k":{"i":[[0,0],[0,0],[0,0],[0,0]],"o":[[0,0],[0,0],[0,0],[0,0]],"v":[[-20.377,-2.255],[-20.377,12.856],[20.377,12.856],[3.623,-12.856]],"c":true},"ix":2},"nm":"Path 1","mn":"ADBE Vector Shape - Group","hd":false},{"ty":"fl","c":{"a":0,"k":[0.996078491211,0.309803921569,0.309803921569,1],"ix":4},"o":{"a":0,"k":100,"ix":5},"r":1,"bm":0,"nm":"Fill 1","mn":"ADBE Vector Graphic - Fill","hd":false},{"ty":"tr","p":{"a":0,"k":[21.769,200.89],"ix":2},"a":{"a":0,"k":[0,0],"ix":1},"s":{"a":0,"k":[100,100],"ix":3},"r":{"a":0,"k":0,"ix":6},"o":{"a":0,"k":100,"ix":7},"sk":{"a":0,"k":0,"ix":4},"sa":{"a":0,"k":0,"ix":5},"nm":"Transform"}],"nm":"Group 3","np":2,"cix":2,"bm":0,"ix":1,"mn":"ADBE Vector Group","hd":false}],"ip":0,"op":240,"st":0,"bm":0},{"ddd":0,"ind":7,"ty":4,"nm":"Shape Layer 2","sr":1,"ks":{"o":{"a":0,"k":100,"ix":11},"r":{"a":0,"k":0,"ix":10},"p":{"a":0,"k":[256,256,0],"ix":2},"a":{"a":0,"k":[0,0,0],"ix":1},"s":{"a":0,"k":[100,100,100],"ix":6}},"ao":0,"shapes":[{"ty":"gr","it":[{"ind":0,"ty":"sh","ix":1,"ks":{"a":0,"k":{"i":[[0,0]],"o":[[0,0]],"v":[[306,-173]],"c":false},"ix":2},"nm":"Path 1","mn":"ADBE Vector Shape - Group","hd":false},{"ty":"st","c":{"a":0,"k":[0.243137254902,0.976470588235,0.517647058824,1],"ix":3},"o":{"a":0,"k":100,"ix":4},"w":{"a":0,"k":20,"ix":5},"lc":1,"lj":1,"ml":4,"bm":0,"nm":"Stroke 1","mn":"ADBE Vector Graphic - Stroke","hd":false},{"ty":"fl","c":{"a":0,"k":[0.709803921569,0.819607902976,1,1],"ix":4},"o":{"a":0,"k":100,"ix":5},"r":1,"bm":0,"nm":"Fill 1","mn":"ADBE Vector Graphic - Fill","hd":false},{"ty":"tr","p":{"a":0,"k":[0,0],"ix":2},"a":{"a":0,"k":[0,0],"ix":1},"s":{"a":0,"k":[100,100],"ix":3},"r":{"a":0,"k":0,"ix":6},"o":{"a":0,"k":100,"ix":7},"sk":{"a":0,"k":0,"ix":4},"sa":{"a":0,"k":0,"ix":5},"nm":"Transform"}],"nm":"Shape 2","np":3,"cix":2,"bm":0,"ix":1,"mn":"ADBE Vector Group","hd":false},{"ty":"gr","it":[{"ind":0,"ty":"sh","ix":1,"ks":{"a":0,"k":{"i":[[0,0],[0,0],[0,0],[0,0],[0,0],[0,0],[0,0]],"o":[[0,0],[0,0],[0,0],[0,0],[0,0],[0,0],[0,0]],"v":[[83.75,-190.5],[69.25,-190.5],[72,-122],[118,-122],[118,192],[148,192],[148.5,-125.75]],"c":true},"ix":2},"nm":"Path 1","mn":"ADBE Vector Shape - Group","hd":false},{"ty":"fl","c":{"a":0,"k":[0.709803921569,0.819607902976,1,1],"ix":4},"o":{"a":0,"k":100,"ix":5},"r":1,"bm":0,"nm":"Fill 1","mn":"ADBE Vector Graphic - Fill","hd":false},{"ty":"tr","p":{"a":0,"k":[0,0],"ix":2},"a":{"a":0,"k":[0,0],"ix":1},"s":{"a":0,"k":[100,98.177],"ix":3},"r":{"a":0,"k":0,"ix":6},"o":{"a":0,"k":100,"ix":7},"sk":{"a":0,"k":0,"ix":4},"sa":{"a":0,"k":0,"ix":5},"nm":"Transform"}],"nm":"Shape 1","np":2,"cix":2,"bm":0,"ix":2,"mn":"ADBE Vector Group","hd":false},{"ty":"rd","nm":"Round Corners 1","r":{"a":0,"k":10,"ix":1},"ix":3,"mn":"ADBE Vector Filter - RC","hd":false}],"ip":0,"op":240,"st":0,"bm":0}],"markers":[],"chars":[{"ch":"P","size":95,"style":"Bold","w":72.2,"data":{"shapes":[{"ty":"gr","it":[{"ind":0,"ty":"sh","ix":1,"ks":{"a":0,"k":{"i":[[6.2,0],[0,0],[0,0],[0,0],[0,0],[0,0],[-4.567,2.034],[-2.467,3.834],[0,5.134],[2.466,3.8],[4.566,2.067]],"o":[[0,0],[0,0],[0,0],[0,0],[0,0],[6.2,0],[4.566,-2.033],[2.466,-3.833],[0,-5.2],[-2.467,-3.8],[-4.567,-2.066]],"v":[[38.6,-70],[8.3,-70],[8.3,0],[24.5,0],[24.5,-19.3],[38.6,-19.3],[54.75,-22.35],[65.3,-31.15],[69,-44.6],[65.3,-58.1],[54.75,-66.9]],"c":true},"ix":2},"nm":"P","mn":"ADBE Vector Shape - Group","hd":false},{"ind":1,"ty":"sh","ix":2,"ks":{"a":0,"k":{"i":[[4.866,0],[0,0],[0,0],[0,0],[-2.534,-2.1],[0,-3.933],[2.533,-2.1]],"o":[[0,0],[0,0],[0,0],[4.866,0],[2.533,2.1],[0,3.867],[-2.534,2.1]],"v":[[37.7,-32.5],[24.5,-32.5],[24.5,-56.8],[37.7,-56.8],[48.8,-53.65],[52.6,-44.6],[48.8,-35.65]],"c":true},"ix":2},"nm":"P","mn":"ADBE Vector Shape - Group","hd":false}],"nm":"P","np":5,"cix":2,"bm":0,"ix":1,"mn":"ADBE Vector Group","hd":false}]},"fFamily":"Montserrat"},{"ch":"D","size":95,"style":"Bold","w":82.6,"data":{"shapes":[{"ty":"gr","it":[{"ind":0,"ty":"sh","ix":1,"ks":{"a":0,"k":{"i":[[0,0],[0,0],[-5.834,2.9],[-3.234,5.267],[0,7],[3.233,5.267],[5.833,2.9],[7.6,0],[0,0]],"o":[[0,0],[7.6,0],[5.833,-2.9],[3.233,-5.266],[0,-7],[-3.234,-5.266],[-5.834,-2.9],[0,0],[0,0]],"v":[[8.3,0],[40.1,0],[60.25,-4.35],[73.85,-16.6],[78.7,-35],[73.85,-53.4],[60.25,-65.65],[40.1,-70],[8.3,-70]],"c":true},"ix":2},"nm":"D","mn":"ADBE Vector Shape - Group","hd":false},{"ind":1,"ty":"sh","ix":2,"ks":{"a":0,"k":{"i":[[0,0],[0,0],[0,0],[-4.167,-3.9],[0,-6.666],[4.166,-3.9],[7,0]],"o":[[0,0],[0,0],[7,0],[4.166,3.9],[0,6.667],[-4.167,3.9],[0,0]],"v":[[24.5,-13.3],[24.5,-56.7],[39.3,-56.7],[56.05,-50.85],[62.3,-35],[56.05,-19.15],[39.3,-13.3]],"c":true},"ix":2},"nm":"D","mn":"ADBE Vector Shape - Group","hd":false}],"nm":"D","np":5,"cix":2,"bm":0,"ix":1,"mn":"ADBE Vector Group","hd":false}]},"fFamily":"Montserrat"},{"ch":"F","size":95,"style":"Bold","w":63.9,"data":{"shapes":[{"ty":"gr","it":[{"ind":0,"ty":"sh","ix":1,"ks":{"a":0,"k":{"i":[[0,0],[0,0],[0,0],[0,0],[0,0],[0,0],[0,0],[0,0],[0,0],[0,0]],"o":[[0,0],[0,0],[0,0],[0,0],[0,0],[0,0],[0,0],[0,0],[0,0],[0,0]],"v":[[61.2,-57],[61.2,-70],[8.3,-70],[8.3,0],[24.5,0],[24.5,-25.5],[56.9,-25.5],[56.9,-38.5],[24.5,-38.5],[24.5,-57]],"c":true},"ix":2},"nm":"F","mn":"ADBE Vector Shape - Group","hd":false}],"nm":"F","np":3,"cix":2,"bm":0,"ix":1,"mn":"ADBE Vector Group","hd":false}]},"fFamily":"Montserrat"}]}