{"v":"5.6.6","ip":0,"op":270,"fr":60,"w":1857,"h":1319,"layers":[{"ind":2336,"nm":"surface12299","ao":0,"ip":0,"op":264,"st":0,"ty":4,"ks":{"ty":"tr","o":{"k":100},"r":{"k":0},"p":{"k":[0,0]},"a":{"k":[0,0]},"s":{"k":[133.37,133.31]},"sk":{"k":0},"sa":{"k":0}},"shapes":[{"ty":"gr","hd":false,"nm":"surface12299","it":[{"ty":"gr","hd":false,"it":[{"ty":"sh","ks":{"k":{"i":[[0,0],[0,0],[0,0],[0,0],[0,0],[0,0],[0,0]],"o":[[0,0],[0,0],[0,0],[0,0],[0,0],[0,0],[0,0]],"v":[[717.62,872.05],[917.56,872.05],[917.56,427.57],[1215.67,427.57],[1215.67,872.05],[1415.6,872.05],[1066.61,1266.56]],"c":true}}},{"ty":"st","lc":3,"lj":2,"ml":10,"o":{"k":100},"w":{"k":8},"c":{"k":[0.4,0,0,1]},"hd":false},{"ty":"gf","s":{"k":[717.62,427.57]},"e":{"k":[717.62,1266.56]},"t":1,"h":{"k":0},"a":{"k":0},"g":{"p":2,"k":{"k":[0,0.86,0,0,1,0.33,0.01,0.01,0,1,1,1]}},"hd":false,"o":{"a":1,"k":[{"i":{"x":[0.67],"y":[1]},"o":{"x":[0.33],"y":[0]},"t":59,"s":[0]},{"t":109,"s":[100]}],"ix":5}},{"ty":"tr","o":{"k":100},"r":{"k":0},"p":{"k":[0,0]},"a":{"k":[0,0]},"s":{"k":[75,75]},"sk":{"k":0},"sa":{"k":0},"hd":false}]},{"ty":"gr","hd":false,"it":[{"ty":"sh","ks":{"k":{"i":[[0,0],[0,0]],"o":[[0,0],[0,0]],"v":[[483.77,1080.19],[1106.76,1076.6]],"c":false}}},{"ty":"st","lc":3,"lj":2,"ml":10,"o":{"k":100},"w":{"k":4},"c":{"k":[0.4,0.4,0.4,1]},"hd":false},{"ty":"tr","o":{"k":100},"r":{"k":0},"p":{"k":[0,0]},"a":{"k":[0,0]},"s":{"k":[75,75]},"sk":{"k":0},"sa":{"k":0},"hd":false}]},{"ty":"gr","hd":false,"it":[{"ty":"sh","ks":{"k":{"i":[[0,0],[0,0]],"o":[[0,0],[0,0]],"v":[[483.77,979.31],[1106.76,975.72]],"c":false}}},{"ty":"st","lc":3,"lj":2,"ml":10,"o":{"k":100},"w":{"k":4},"c":{"k":[0.4,0.4,0.4,1]},"hd":false},{"ty":"tr","o":{"k":100},"r":{"k":0},"p":{"k":[0,0]},"a":{"k":[0,0]},"s":{"k":[75,75]},"sk":{"k":0},"sa":{"k":0},"hd":false}]},{"ty":"gr","hd":false,"it":[{"ty":"sh","ks":{"k":{"i":[[0,0],[0,0]],"o":[[0,0],[0,0]],"v":[[483.77,871.27],[1106.76,867.68]],"c":false}}},{"ty":"st","lc":3,"lj":2,"ml":10,"o":{"k":100},"w":{"k":4},"c":{"k":[0.4,0.4,0.4,1]},"hd":false},{"ty":"tr","o":{"k":100},"r":{"k":0},"p":{"k":[0,0]},"a":{"k":[0,0]},"s":{"k":[75,75]},"sk":{"k":0},"sa":{"k":0},"hd":false}]},{"ty":"gr","hd":false,"it":[{"ty":"sh","ks":{"k":{"i":[[0,0],[0,0]],"o":[[0,0],[0,0]],"v":[[483.77,662.34],[1106.76,658.76]],"c":false}}},{"ty":"st","lc":3,"lj":2,"ml":10,"o":{"k":100},"w":{"k":4},"c":{"k":[0.4,0.4,0.4,1]},"hd":false},{"ty":"tr","o":{"k":100},"r":{"k":0},"p":{"k":[0,0]},"a":{"k":[0,0]},"s":{"k":[75,75]},"sk":{"k":0},"sa":{"k":0},"hd":false}]},{"ty":"gr","hd":false,"it":[{"ty":"sh","ks":{"k":{"i":[[0,0],[0,0]],"o":[[0,0],[0,0]],"v":[[483.77,766.81],[1106.76,763.22]],"c":false}}},{"ty":"st","lc":3,"lj":2,"ml":10,"o":{"k":100},"w":{"k":4},"c":{"k":[0.4,0.4,0.4,1]},"hd":false},{"ty":"tr","o":{"k":100},"r":{"k":0},"p":{"k":[0,0]},"a":{"k":[0,0]},"s":{"k":[75,75]},"sk":{"k":0},"sa":{"k":0},"hd":false}]},{"ty":"gr","hd":false,"it":[{"ty":"sh","ks":{"k":{"i":[[0,0],[0,0]],"o":[[0,0],[0,0]],"v":[[483.77,557.88],[1106.76,554.29]],"c":false}}},{"ty":"st","lc":3,"lj":2,"ml":10,"o":{"k":100},"w":{"k":4},"c":{"k":[0.4,0.4,0.4,1]},"hd":false},{"ty":"tr","o":{"k":100},"r":{"k":0},"p":{"k":[0,0]},"a":{"k":[0,0]},"s":{"k":[75,75]},"sk":{"k":0},"sa":{"k":0},"hd":false}]},{"ty":"gr","hd":false,"it":[{"ty":"sh","ks":{"k":{"i":[[0,0],[0,0]],"o":[[0,0],[0,0]],"v":[[483.77,453.42],[1106.76,449.83]],"c":false}}},{"ty":"st","lc":3,"lj":2,"ml":10,"o":{"k":100},"w":{"k":4},"c":{"k":[0.4,0.4,0.4,1]},"hd":false},{"ty":"tr","o":{"k":100},"r":{"k":0},"p":{"k":[0,0]},"a":{"k":[0,0]},"s":{"k":[75,75]},"sk":{"k":0},"sa":{"k":0},"hd":false}]},{"ty":"gr","hd":false,"it":[{"ty":"sh","ks":{"k":{"i":[[0,0],[0,0]],"o":[[0,0],[0,0]],"v":[[483.77,348.96],[1106.76,345.37]],"c":false}}},{"ty":"st","lc":3,"lj":2,"ml":10,"o":{"k":100},"w":{"k":4},"c":{"k":[0.4,0.4,0.4,1]},"hd":false},{"ty":"tr","o":{"k":100},"r":{"k":0},"p":{"k":[0,0]},"a":{"k":[0,0]},"s":{"k":[75,75]},"sk":{"k":0},"sa":{"k":0},"hd":false}]},{"ty":"gr","hd":false,"it":[{"ty":"sh","ks":{"k":{"i":[[0,0],[0,0]],"o":[[0,0],[0,0]],"v":[[933.17,244.49],[1106.77,244.49]],"c":false}}},{"ty":"st","lc":3,"lj":2,"ml":10,"o":{"k":100},"w":{"k":4},"c":{"k":[0.4,0.4,0.4,1]},"hd":false},{"ty":"tr","o":{"k":100},"r":{"k":0},"p":{"k":[0,0]},"a":{"k":[0,0]},"s":{"k":[75,75]},"sk":{"k":0},"sa":{"k":0},"hd":false}]},{"ty":"gr","hd":false,"it":[{"ty":"sh","ks":{"k":{"i":[[0,0],[0,0]],"o":[[0,0],[0,0]],"v":[[933.17,147.31],[1106.77,147.31]],"c":false}}},{"ty":"st","lc":3,"lj":2,"ml":10,"o":{"k":100},"w":{"k":4},"c":{"k":[0.4,0.4,0.4,1]},"hd":false},{"ty":"tr","o":{"k":100},"r":{"k":0},"p":{"k":[0,0]},"a":{"k":[0,0]},"s":{"k":[75,75]},"sk":{"k":0},"sa":{"k":0},"hd":false}]},{"ty":"gr","hd":false,"it":[{"ty":"sh","ks":{"k":{"i":[[0,0],[-7.09,-5.98],[0,-10.45],[7.09,-5.93],[12.5,0],[0,0],[0,0],[0,0],[0,0]],"o":[[12.5,0],[7.09,5.97],[0,10.45],[-7.09,5.92],[0,0],[0,0],[0,0],[0,0],[0,0]],"v":[[407.49,109.46],[436.88,118.42],[447.52,143.05],[436.88,167.63],[407.49,176.51],[381.17,176.51],[381.17,207.45],[370.81,207.45],[370.81,109.46]],"c":true}}},{"ty":"sh","ks":{"k":{"i":[[0,0],[-5.13,4.24],[0,7.74],[5.13,4.24],[9.7,0],[0,0],[0,0]],"o":[[9.7,0],[5.13,-4.25],[0,-7.94],[-5.13,-4.25],[0,0],[0,0],[0,0]],"v":[[407.21,167.41],[429.46,161.04],[437.16,143.05],[429.46,124.79],[407.21,118.41],[381.17,118.41],[381.17,167.41]],"c":true}}},{"ty":"sh","ks":{"k":{"i":[[0,0],[0,0],[-7.93,-4.16],[-4.38,-7.42],[0,-9.52],[4.39,-7.42],[7.94,-4.16],[10.36,0],[0,0]],"o":[[0,0],[10.36,0],[7.94,4.15],[4.39,7.41],[0,9.52],[-4.38,7.42],[-7.93,4.15],[0,0],[0,0]],"v":[[471.32,109.46],[511.21,109.46],[538.65,115.69],[557.13,133.05],[563.71,158.45],[557.13,183.86],[538.65,201.23],[511.21,207.45],[471.32,207.45]],"c":true}}},{"ty":"sh","ks":{"k":{"i":[[0,0],[-6.44,3.41],[-3.55,6.02],[0,7.84],[3.55,6.02],[6.44,3.41],[8.59,0],[0,0],[0,0]],"o":[[8.59,0],[6.44,-3.41],[3.55,-6.02],[0,-7.84],[-3.55,-6.02],[-6.44,-3.41],[0,0],[0,0],[0,0]],"v":[[510.66,198.48],[533.2,193.38],[548.18,179.24],[553.5,158.45],[548.18,137.66],[533.2,123.52],[510.66,118.41],[481.68,118.41],[481.68,198.48]],"c":true}}},{"ty":"sh","ks":{"k":{"i":[[0,0],[0,0],[0,0],[0,0],[0,0],[0,0],[0,0],[0,0],[0,0],[0,0]],"o":[[0,0],[0,0],[0,0],[0,0],[0,0],[0,0],[0,0],[0,0],[0,0],[0,0]],"v":[[597.32,118.41],[597.32,156.91],[647.99,156.91],[647.99,165.87],[597.32,165.87],[597.32,207.45],[586.96,207.45],[586.96,109.46],[654.15,109.46],[654.15,118.41]],"c":true}}},{"ty":"fl","o":{"a":1,"k":[{"i":{"x":[0.67],"y":[1]},"o":{"x":[0.33],"y":[0]},"t":59,"s":[0]},{"t":109,"s":[100]}],"ix":5},"c":{"k":[0.4,0.4,0.4,1]}},{"ty":"tr","o":{"k":100},"r":{"k":0},"p":{"k":[0,0]},"a":{"k":[0,0]},"s":{"k":[100,100]},"sk":{"k":0},"sa":{"k":0},"hd":false}]},{"ty":"gr","hd":false,"it":[{"ty":"sh","ks":{"k":{"i":[[0,0],[-27.6,0],[0,0],[-9.38,-9.37],[0,-13.26],[0,0],[27.6,0],[0,0],[0,27.6]],"o":[[0,-27.6],[0,0],[13.26,0],[9.37,9.37],[0,0],[0,27.6],[0,0],[-27.6,0],[0,0]],"v":[[424.86,107.99],[474.83,58.02],[1130.01,58.02],[1165.34,72.65],[1179.98,107.99],[1179.98,1110.34],[1130.01,1160.32],[474.83,1160.32],[424.86,1110.34]],"c":true}}},{"ty":"st","lc":3,"lj":2,"ml":10,"o":{"k":100},"w":{"k":8},"c":{"k":[0.4,0.4,0.4,1]},"hd":false},{"ty":"fl","o":{"a":1,"k":[{"i":{"x":[0.67],"y":[1]},"o":{"x":[0.33],"y":[0]},"t":59,"s":[0]},{"t":109,"s":[100]}],"ix":5},"c":{"k":[0.95,0.95,0.95,1]}},{"ty":"tr","o":{"k":100},"r":{"k":0},"p":{"k":[0,0]},"a":{"k":[0,0]},"s":{"k":[75,75]},"sk":{"k":0},"sa":{"k":0},"hd":false}]},{"ty":"tr","o":{"k":100},"r":{"k":0},"p":{"k":[0,0]},"a":{"k":[0,0]},"s":{"k":[100,100]},"sk":{"k":0},"sa":{"k":0},"hd":false}]},{"ty":"tm","s":{"a":0,"k":0,"ix":1},"e":{"a":1,"k":[{"i":{"x":[0.27],"y":[1]},"o":{"x":[0.5],"y":[0]},"t":0,"s":[0]},{"t":66,"s":[100]}],"ix":2},"o":{"a":0,"k":0,"ix":3},"m":1,"ix":2,"hd":false}]}],"meta":{"g":"LF SVG to Lottie"}}