{
  "project_info": {
    "project_number": "874605396896",
    "project_id": "gallery-photos-and-videos",
    "storage_bucket": "gallery-photos-and-videos.appspot.com"
  },
  "client": [
    {
      "client_info": {
        "mobilesdk_app_id": "1:874605396896:android:2c3483b73ed542b870dac5",
        "android_client_info": {
          "package_name": "com.phone.photography.gallery.photovideo"
        }
      },
      "oauth_client": [
        {
          "client_id": "874605396896-tqm4t52a4364bvj8gdugmp5arnofvdjr.apps.googleusercontent.com",
          "client_type": 3
        }
      ],
      "api_key": [
        {
          "current_key": "AIzaSyDKsEY16tPAmITZw5Od_IhnIrd1MjZG6n0"
        }
      ],
      "services": {
        "appinvite_service": {
          "other_platform_oauth_client": [
            {
              "client_id": "874605396896-tqm4t52a4364bvj8gdugmp5arnofvdjr.apps.googleusercontent.com",
              "client_type": 3
            }
          ]
        }
      }
    }
  ],
  "configuration_version": "1"
}